curator,playlist_id
pitchfork,6Dvswcfd8HqYiqXacr8mhd
pitchfork,50CczS1m8bLynEzKLJun7S
pitchfork,0O6gmeQth1nHtQWNohFgyx
pitchfork,4g1CoiMtdx2DjsAZQkg19n
pitchfork,4Yx88eP7gEYAaYnER27OWg
pitchfork,24hqdtFblFiRwfhPmv6O4d
pitchfork,4mKwPBWW6A6vvAxcwvGXVS
pitchfork,7IvWl09tJogd7liYvXWQIR
pitchfork,5J1PJJpkIe9PLH2qextKbz
pitchfork,20Wzo4FYnSIZ8irokGlW2a
pitchfork,6X95SoDVzG8qg9FP0YlXzZ
pitchfork,6iHJPzZ9gd0y85ER5Jxy6v
pitchfork,46gmzCEB404kUcMeRIU9P6
pitchfork,0C31UbJvC6BmudQ1LZvMih
pitchfork,7I46lSovF44CjNe4bQOPKN
pitchfork,4BIYTsJ4nDunOKVCkNEUmR
pitchfork,1mp9eU0fOyzTzAvJru3o1L
pitchfork,3Jda1jWMsPpcL9jOYxazW5
pitchfork,2SN0CmmPCsdYm77ho8wksR
pitchfork,0jMg4W9CzORQszMRCtyHQB
pitchfork,4DhNg3nwSPEUDVysfqNKZ5
pitchfork,7gOmGn1pSNSgkMf5IHe6mq
pitchfork,2otdlmvrPKnDm9iIrAEbxN
pitchfork,5tPdLKJuwhRLtExpLRCkCt
pitchfork,0K26WZHcw1dh0WurgDFlKi
pitchfork,5lvnfBzwCs2ijRh2zeFMpZ
pitchfork,2oiLYPc1XI78jqqZJ8jnaM
pitchfork,0g6R1TIc2gFdpV5sTxFTiN
pitchfork,6dxTqbF4BFWQu6t5Bh1kIM
pitchfork,1Gmb5DVgTjLF24uGI4AlsW
pitchfork,1ulkCM5mgO4CZHlioyBEwr
pitchfork,2NdKL3I0JFM8kLypNx7ASy
pitchfork,28Dwli1PfPgr0alCDyaLpl
pitchfork,3e48krWWEdyCQDWSiCtoiW
pitchfork,3oGW9CrTSQON9BpSBEqU4m
pitchfork,4XZBGihYhkEQaI1kZTYcmX
pitchfork,7q503YgioHAbo1iOIa67M8
pitchfork,7f9o34JAe8ZSRq4GX7f0Ol
pitchfork,1yY9pguhfU0r19yz9kx2wD
pitchfork,7G6Ly5URbGyJNWeEkxdhYs
pitchfork,3Wz6gSlxvSLqby6D38tgYA
pitchfork,5fqSx3WTA8shEAF7ExBxmp
pitchfork,3BVvzy5vQASpRb5IA0SQhQ
pitchfork,4PgluB4mkzCVxbjUd9HL6V
pitchfork,5v0LN2TxfHrNMami7fXd1r
pitchfork,311izhxSQpowJftbZDXCS5
pitchfork,6UeJLKM985UHiqLa817ZuL
pitchfork,6cYPNCUQ1mwKGqJGRDRu42
pitchfork,3y3v42dtshZ6NDg7cIooS7
pitchfork,0cSHsgFHI7EbiFxZTOiE3T
pitchfork,52H0D2UFfD6mfsN5n0orW1
pitchfork,50K4m8wOPBuQVTjSy0iKPP
pitchfork,0aAZEW9s8WDln6dN6432wc
pitchfork,2OwVOHBiAPflrRhWspiuwX
pitchfork,5PfMQF499KS8SIhvroQmwX
pitchfork,7bWZEk1YXf0OaLK2qyPou9
pitchfork,1U2EenZnfMjYfJvdm4Yiaz
pitchfork,5bR86Q2oidpjJxcJQGhxRY
pitchfork,23i3MESPHda4q2M5tNdndp
pitchfork,3iqgYlpLo6a2EKdFY6rlm1
pitchfork,4PPNpzPLj7MU4TruRfQkpf
pitchfork,1rye7RViY7gsrL7bldEEsd
pitchfork,4Qs1GyN5pcPu904PZYo4Za
pitchfork,1cS7V57tB0S8Cum2WFuFh0
pitchfork,1NaR9C8JatBvAtlBW5QLhy
pitchfork,2n8tjNSkwn5pc2uWk5bXn0
pitchfork,6UoaF97XsrZozNKmucRtA5
pitchfork,1Tpv0v2pHBxsGkHiXFG39S
pitchfork,0Vgapa7eNMO1KyIJ7tR0L3
pitchfork,3c0QkTZma3snikRs52huOh
pitchfork,4fctBnU0Ap55fjE7GwggAH
pitchfork,4T8OLYOqmcTZwEdopfv5Q6
pitchfork,4WESh7cdy0cTpgxTK0K8SR
pitchfork,6qG5NRTOOMcuNPfW6TbhYD
pitchfork,4IaOMDw8XNznRvWnXJxsND
pitchfork,2l4KenNzO1dtH0byCIBecS
pitchfork,2UbyfHBw7ZqOYqTmZQyQom
pitchfork,3yD4zwzT1iccM1mRwUJnaW
pitchfork,0bdkvLU5LcEw7neDNxj4Yr
pitchfork,75vQSqJAvJJZeQVJp81rfx
pitchfork,0NdonfZ87AajuaMPaOwXp9
pitchfork,2ua9P1PJZ8vNU1ZOZq6tqe
pitchfork,3CC8JzodCvq8GaVbjN9huA
pitchfork,7GHGzYVKAxAa6QwXEYxK0m
pitchfork,03p4bG0vAjiBvLWNI577Yq
pitchfork,279HNgRIMJRrhBbOu48TNw
pitchfork,0PbxwCP0N10IeCl7I1O9E5
pitchfork,5mDEEZo9cadqhyzo6QUIqd
pitchfork,2eTbM2xFCXTkeO18jNSIOY
pitchfork,0B9eMO227fkK6PIKgugEZW
pitchfork,11S9QoBUbATlKQuFSExhkZ
pitchfork,13bCGLp2nXAXj3IRLjfPEr
pitchfork,25mALbhXBaQDUls6IptjAJ
pitchfork,7MysdOoh9OrZ8L8xylt2iR
pitchfork,0bgEcLQwcvriOtFgbp0BNp
pitchfork,1YHCI9W14fhev4Mlba4JOc
pitchfork,6d9up0zVwVr0KD76j2Fr42
pitchfork,7FmQTfn55pAjjOLSWHk9lj
pitchfork,7f4YZld8a8zBQuqsFdy67F
pitchfork,0Og0A33H2uZTqe7ihXSlm2
pitchfork,7o7CYHLXv4ajfoEFUAAKCL
pitchfork,2VrnjOsZ4Kfixy7PpttR3k
pitchfork,2HjSezhptjoZ6VEg0sKBlU
pitchfork,2mWGxRghCXcvxuWRKUdh47
pitchfork,2XMjUisB4shLCUlIicaWBk
pitchfork,4JWr0LQSvZGAwFxIyoNX2p
pitchfork,1DH7lyOuo1jwKxK5J1f707
pitchfork,7vQ30UxQ1mLXqHEBNi2oHA
pitchfork,5DBYiL8wtoWhlxUd9nuIhS
pitchfork,0JHEjwCmdF4KQzkemmuznJ
pitchfork,0jBbtuJAmSHk4OhZiOvCXx
pitchfork,32Vrp5ol37W4IbsbCrImD5
pitchfork,3mgr1hhQUqsjWxWY25wt9O
pitchfork,33GhOMePTWS2WRXZWEo2Ev
pitchfork,0VUWTOMetI5sU71F88ECRP
pitchfork,3fruHlR14zDIEy5D112rD0
pitchfork,6A8vptgmGAxS5jfTDfTPmW
pitchfork,3SlDsHdBs9AiHy1sYTSuEz
pitchfork,1kCDrR2DMBm7N8MkSVVubw
pitchfork,4LpU6zhxGe41X5hnF9O2DL
pitchfork,3ocufW6Tbc0dvKS05RyYtT
pitchfork,45BuN3MNOSbCUwaCG8v6L8
pitchfork,5lNHVfAg7Brem8aqB8aaFc
pitchfork,0t2y7hs7JHrKDjjhc1UmZR
pitchfork,3jfkfDsDSkEx7WopRvs6xB
pitchfork,1BFYKZFCB8xmgN1kvxfGzS
pitchfork,043iACF0xvQ7lK3AcFpiOz
pitchfork,5vBs58Uv1dffX22kQNM4iP
pitchfork,6VXma5JPS3M3gPnGBhdOpY
pitchfork,3my9OuAhnMDSi4QeIN0hfx
pitchfork,2i4ehs0QhDmlYuqzadNgjV
pitchfork,05foWVUgNaDQdX25XB7h9f
pitchfork,7hGvh9kPb01dvAYdGwJsFt
pitchfork,2WzY07bjT7ySdN0JfTatqa
pitchfork,3ZamRD9wgXoFNGWHkvg1lx
pitchfork,0lDt1bO2Bq6vzD5r6FJmAM
pitchfork,6QEqsbWQMS15eMTptaQB36
pitchfork,7hWKewmXuHFGGI8ybRbNjl
pitchfork,570b1ci3BURBFiUJbTpY8l
pitchfork,1jberCasex25uFmSQfasI2
pitchfork,05FJ6hfes8A5MOqnsayfQr
pitchfork,7jJ4ZotBd2qrEffrtnbB26
pitchfork,3MEn9KhSocCJ7jsxXaYin5
pitchfork,6xjYe2JgQadE4sOodwiXDM
pitchfork,2cltz7NT2yYCiXnY1sEZXe
pitchfork,23hi00hfhxsDh3Kwl9muqY
pitchfork,7aGV0fHG2JKCDZNxBMxzrV
pitchfork,70Sj1h8xqdoqAKm0TFjhFn
pitchfork,4tk3qgTDYnIJcbA8hGwQl4
pitchfork,2Ep5kgfVzyTVbk1JRk2ouM
pitchfork,60NRz9p8joMUVaErE5sjVa
pitchfork,4Dd44AfarGq3p4ULy4olTo
pitchfork,2TZt97FyqdaHrWtkuH4Chd
pitchfork,0WZRms8KNiuPmS2EWUv82f
pitchfork,5HdbfW4Sy341P6mPQboi9Y
pitchfork,4VvYZVPDXsbibutJ0T4xB1
pitchfork,6sev7UadYgPdFzVEfmp7qR
pitchfork,0NuixyWGNUQ5TMQ2eeH51u
pitchfork,4cdYmjVYoDHNnDjYyygANu
pitchfork,6iqd56KZ2rNyj5qST3JcwW
pitchfork,0FuifnDikOvl1i9ql2EkiE
pitchfork,1pxkj4Vha9pf8Tt1kKczhz
pitchfork,1omipoEI3pVVSwQz04Dcoo
pitchfork,76z8tu6eJQYcRu0d92A0tH
pitchfork,6uYkcLk8GkRZyqz3mYCRqs
pitchfork,4vukwjpKrXfosdwYg3U98K
pitchfork,0EDxQl1uhdZu5HBdOWuGMK
pitchfork,3K84YzgjfyyEYcvPsWyJFa
pitchfork,03SLNSrAPMsAt7ys1ORkhY
billboard,7DwsNvRqn074jV3kiBpM4D
billboard,5XfjbafhAk2lrZb3CLRxzH
billboard,4TPd2ozOOCjTb7owtk37PD
billboard,2EJ7lT4pcoWXBmKit13vCk
billboard,6W3gYpRK86DrZ4sUnsQgdW
billboard,6i2n6PRDRjbODs4S2EjJ2E
billboard,0Uq0q8ViOL6uigUy7bYmJq
billboard,6bpHQApWUORe0hl78MFMCh
billboard,3S7VKXfpjukzkajVAAZCf0
billboard,5xmYZB0vdKC02eZJO3WQow
billboard,3aFHFVJ7iMQfd25yL7IwTg
billboard,7g91xckZ7NkT37ulyAegHA
billboard,7a5sNCT0yIMx3Fwugn0N4W
billboard,66lL8aGGGDX885RlbRwCgN
billboard,3H57li0K8YLo2LtWpOIjvz
billboard,3fchZCOkkjJReraaNftJgM
billboard,6U88ZRFrusRUSlBYndIeRT
billboard,5hO8a8rCBEdPjfHMn5V9j8
billboard,2R3FKD3gLkJdMwKE9GujjZ
billboard,0z8XwwZZ7lTvUB5Ptzywov
billboard,3o9aFdnf2AjFrBvY3KwhP1
billboard,2ahqZPrKbmtSJyGcWdEqZY
billboard,3UQD37sGcVEKqWGD7KgBtU
billboard,6jAPEmFTC4OGABHiPLYH5P
billboard,4yIMY5zbwgHu6woKY1xDOC
billboard,6yQQ0h70GUXMOdpbyooEND
billboard,0nnZFzmjhRRsEFkboRR8UN
billboard,4I1GRaTk5HDRW7oFXmfpao
billboard,58jfGIkLrtM6dUO53hI18X
billboard,2WgVz9Y8CEr3sgxOPKBzK0
billboard,0c946O97dxrN2uEkZWXOOn
billboard,4gavZKVl54MCkrU6RXnv4b
billboard,4OayCOZ2YTwC6gHfqnbR5P
billboard,0SrMoRiqP4Tg90YMGeoaMF
billboard,3PcVXjqlM6mfcGyDrLKJjt
billboard,6oeKBES6DCVXuKoz92Za4x
billboard,4IlsoArWxsAAlVywggnJtl
billboard,00bkOimBMi3Ddy2nAkRc8A
billboard,4FI2XHjT6kNOewL1CXizKM
billboard,0riOePJEwq7vfJwq7GdeuE
billboard,0WoFvm1PWtc1lEy29JmNXr
billboard,4aIQinhrgcnbya1rJfWJHu
billboard,1tiQGX3ilGMZkEIprql6Ms
billboard,68sBsoVVnaspQvnpKICzHo
billboard,2oegoocIE3qpoS0DVzGpup
billboard,1y44ySLVFIROUTFXeIX3Hw
billboard,4lV9EXuhxLDo9dJ4rlYTHH
billboard,4VeSjcCXBmkRb6jasCvw8i
billboard,2cw72lrYvA3CefCquqYwwF
billboard,67CxuNexLDcvLLTQ6PIlgk
billboard,0mvFZNY8NKn2MnBIQJtmbJ
billboard,1UsbBzfsuy4yRQWFkrCDLf
billboard,1dIvWSi5dUnxmPQ7GACSnC
billboard,6fDkhj4TQ6idWqEKZ18m2c
billboard,56J8bGGdKhJ1fBXIufPZ3K
billboard,59kB2QP4oy6WBi3fuOkx90
billboard,77n87qKxv5V4fZIIQxU2dY
billboard,3BKYrI1ilF2cn2MuCYQ53T
billboard,6DZuTRUILsnXl9iAUqW1MH
billboard,0HEFC6phSorv8qgN0Ty2NT
billboard,3fvY7GnjYNO3VgDlqZUPkN
billboard,7oEW1JJXGLDlPkoCWcJbRd
billboard,6SuaQxXWFtJrkP0qbcTSLR
billboard,1SHxe2aml0hOyX9LSBgqgP
billboard,2WajB802xtcbMPBhqJb8T7
billboard,5qzH6IeKFE4LA6w2vtYGNu
billboard,3oicQRgYELY7gBqxgRjAI3
billboard,4WQsRsjQ4NRPZ1QxKleFdQ
billboard,0Fa5iiMA9ZRg4VwU4GvDsb
billboard,125Wqfiv7jU45LiWLVRkEq
billboard,0JBiFBSIkeMRjrWJFmOT0e
billboard,7K2yLV1HTlyaFYuyb6Att7
billboard,7JLp66vra28XHOOGApUTh7
billboard,2W7fK6aewlTw2AE11fiwgO
billboard,1ztpRT0SBJpkTNN9j2rwJN
billboard,5hjyjnbsO00afhAsCT87tV
billboard,7ampbn0JDpVHoarH8O1pg1
billboard,0IIC7DT1Ymg8SbpVPdvneE
billboard,2aI9lkk9kAZkz8OVLybzh6
billboard,771bsBvOe91v4VcB5QbIs2
billboard,4IKxybWxAKOaC2ncpzh8Pq
billboard,2O2lraVgMM2QVVRQspP3by
billboard,38cxE83ux51Z1fHYUSWeyx
billboard,5b9xq5WYvkZVDeXx0BRxbK
billboard,51ASZoFu0UU0pKvVnykuDx
billboard,3BxUvQZcxAV5Cxrs6kMeEF
billboard,0Zdf2UAchfzD5r7KfhRaSL
billboard,5ApE753XbQXEQVCrCo1QRM
billboard,5bZkvbobz8tDxpR3SsZpnL
billboard,4uLjJLGapiAf7svSo8nJFI
billboard,02eKUbwShmeHsMsUz9ma31
billboard,0Vl6q7pY32dZrr99hWY0Hg
billboard,0V3MGPGg3iZf0uGnToISUJ
billboard,77sMXmyORSJjtSVLVBE5jT
billboard,6tcMU5bcelUie3MncmWNEf
billboard,2qJ6cdCMbBGr9QSpSTnV1H
billboard,36ivc0BIZO71FfltvKwVgz
billboard,0N9SHaNZRtup5uFyVt3rLD
billboard,68IAcgKiUwqpku4X8LFUfh
billboard,55eXC5QIjmhPiabvQxcQOR
billboard,0DfzsIU1jXOOsvKFMT88z2
billboard,7yHPlrr20tUV5QzGukARQb
billboard,01i8fBcbTbHeGVBuJOeYkG
billboard,1cK8LcdtElvi4KR8fr5x4q
billboard,0i4k9alZ1lc3uByagWjfTV
billboard,2pVsad4qDOzmPslLNWOs6r
billboard,2zPJTo05zuP8DdgAHE0Ojr
billboard,7c2ajYPuhGbicKB1rVVNiH
billboard,3ASi1egyZccHD8kOOEE3Tn
billboard,30znvNNnfGhkDKZr9V0slK
billboard,5GQ9wliOJba3cM4IuJ71Ik
billboard,4tVQ0JHyFmw3pymQ6dXfhF
billboard,4zujjalEu5MPCWRdkOplAE
billboard,2VbnV4auqfkXer3uuONYkK
billboard,3f9fUutLwGTSCKUQkWTVzK
billboard,0ugJqNJKv656XJa6ltBq9V
billboard,2pm1aEh377hcLU4sbqkhze
billboard,5LLQL1l7FZnqYZA5kt9lFs
billboard,0kFeTeobDygY39j5B7yGPd
billboard,2LeWUPPEGsvFXF9RSAr2nd
billboard,4WmvxSm04zQ46SvkRHykZJ
billboard,6wnl6NlS5Tft3PjXSRasyw
billboard,3LVauOkqreQ1P0Aa8y7JgX
billboard,4LS5IctIjtc3DtBJJ2AdbR
billboard,0MOGIRncQJKJZPBU9TOGeC
billboard,7jdqLROlvguw9cmneoCmQt
billboard,27E1KnG9ZxNT0hGkW0qbsJ
billboard,32VMk3FNswzDauCLM8bmyu
billboard,4AgpCkC2XcOKbx3G5bIl56
billboard,3A7uju5EfEcNzqalDBAoyr
billboard,3hqPiPMC6EWcNdPe6WQYGP
billboard,6t4ftI4CzxsQiROP9AnAs8
billboard,739KoY8tUI7hYOAOn34Ge2
billboard,2lOfJr7lThsuRCnl1tjkUw
billboard,0yfv5OKKITElH5rswT3ISn
billboard,1bajZcdAmK8aV0RjiqJErc
billboard,25YBxAXq1Ni41HJEm1ibsA
billboard,3FzDBPBfviO6tmi6tThdPZ
billboard,3YxHFI6vk10NT7gqDlhdv1
billboard,4A8iTcARPqPe7FoTUKAsq3
billboard,2AwptPkUtl7diKfMr44BGL
billboard,6YHyXzBLAlvlOFTe5DPgPN
billboard,1tRFpHcogxzyUeaoTor422
billboard,4qiHewov8eHZEJ1bppPWaL
billboard,3y4JonOUcZmzF3kcSnPXmL
billboard,0U415Wx3agtcyLfZaLGuga
nprmusic,3ANi68clApHtSKxkTiDJOc
nprmusic,0ForPEr81ly5PLacWUheK2
nprmusic,7DnQtmBbEX4HksMe0RyeQO
nprmusic,3aoCX0Shq6G2bCBZx0g1Lu
nprmusic,6HSafFULgan56oYHjNNcZP
nprmusic,6nE4F5tRZ6GjfQWtnVsZv5
nprmusic,5SWxwcQiuv1FKOUxZaChPo
nprmusic,7El9whZ8kApMJuUfmwANIB
rollingstone,4qsYapwMFMlpy9ctdbOMUT
rollingstone,1PUzERdQZ16ckgLqcGlVXR
rollingstone,3RFuKpLKl0YhL72ShzS6ze
rollingstone,7hxanwMqnSAQla18uSUfpw
rollingstone,2aAz6HRqGAsO5XpwemouqD
rollingstone,5cfXijMqKNyZSmMBrXaaVd
rollingstone,1ORLjDoL6wXx4HiwvhyGqw
rollingstone,1HTNNzIC4TdqKI2dkxxmsm
rollingstone,3b8gEluIKc4DOwNh33RQXW
rollingstone,6aXEOuTCkhAwKSiRfvSYwO
rollingstone,559qYxunbzPVBZl8gOwZ5Z
rollingstone,7ncjPbj0sPxPk2gb3r193H
rollingstone,5aEg6dKZX74CFuTFFPYw74
rollingstone,2kv4MI2GCSZ9Qq7Nih9Bme
rollingstone,4koP9wGCaXT5tAU2eMTdBK
rollingstone,6Dursjml9LleOOpXMyeIxn
rollingstone,0RzSOxKVuqicu8GtoewwRE
rollingstone,6HhPHiclZhlePd3yXYIXvn
rollingstone,2ErAFzDRE1sR2J6mjIYQZf
rollingstone,4hZYrEkv7FhUltzUn88oMi
rollingstone,6LTk7guUfgnYRejZyGKy6Z
rollingstone,2Xs4zu4UxBZVh0tOaQLZQS
rollingstone,4h0jRjK47YpU5c3W4YQNgC
rollingstone,5wWLyGqGonUfhwgHHxnwmw
rollingstone,6Hgs0rp6m8l4fYR3QwlU5b
rollingstone,1945SARFYIihhRxPt5kAP7
rollingstone,65p90fEsFYGyT3zU5ELmCh
rollingstone,2WV1dKVKw4jtFGmNp6d24s
rollingstone,5v513uN5jpkdzzmUxBzgi0
rollingstone,7qu3CpIPfq2UPLHqIe2PNl
rollingstone,6kCgTubxEScfJYdfNe4529
rollingstone,6qnf2rY7I3ERe1hPPAHiZO
rollingstone,6aAyJjtyEoVcEfnNMFBRps
rollingstone,3KUx4SBwoIcAKtsCIydpnN
rollingstone,48qivVbMqbi91TNnRwXInH
rollingstone,38QmfrhTXqvu0KijEee8iA
rollingstone,0OkMY3nnquBNVTSQjTI0TN
rollingstone,5wK2VSF2MVz9bM7mHD31FQ
rollingstone,2k9ySr2mo8VLCaJkcMYgvg
rollingstone,3u9WR75LmVfUfB7RRxFYB7
rollingstone,7FPxdZ1e78avZCE2SDqLeQ
rollingstone,5fkum8bjYefOUAjkDbgAMU
rollingstone,3aJitX4zXkpCtIpf8eCN8o
rollingstone,77PU2EC0HXc4pW1yAjimSJ
rollingstone,14zRc4OZbdyucPwrGqQY3q
rollingstone,4wXQXz0GTtnDx7Dd5jMZOe
rollingstone,5sZ7n9ZYdAEMFapeRzdb35
rollingstone,6XNWlP6lMbqdXANJzPOgl8
rollingstone,7wrBufvpdmIAEV3L7k1WfT
rollingstone,2d1xewB3b6FXfHcg50oDHY
rollingstone,7iSn2IHAjk1rEuOJFLGsyL
rollingstone,3bzoOUS5sPGM6uvdRlP02X
rollingstone,6T3UuryqbvpMqfxBZrYFYw
rollingstone,6JJyfFayQKltym4RHDPd0a
rollingstone,0ysTXmdG8pa9TFLWpGJ1Dq
rollingstone,7thYTjIMuSGGkifGofpDBb
rollingstone,1qrhVD9WmkgnaPA6RbmiB0
rollingstone,52BZrKBOyspXe5w9f9CCxT
rollingstone,7rTwHBHsn8ygGhfqmXyFKR
rollingstone,1KRYciVsTLUBzxw1Ulf0r7
rollingstone,4vS9rVQnHNmWKm5xgicRgb
rollingstone,4EyGWwL6Q5i5ttI4JcQ66M
rollingstone,6dimp4c4N1VMC0xQKqcf40
rollingstone,726hxSiqgLP2OdMHaIO58i
rollingstone,3e6FisQMTZAAW02vsq8nyY
rollingstone,72xNdYAyIp5KBidj7cNIMS
rollingstone,4C6P89xCIyb2iBqQQnbnXF
rollingstone,6ncXD6yOCyzzej6HSnC5Ht
rollingstone,6WQ7CQ5Gi72zodQW4qZVWe
rollingstone,2OaMhmoRf1esnwGXBZUPwa
rollingstone,5moEmiSwgqehFHPbfa44d0
rollingstone,491twYRETHQi34sqgztuvb
rollingstone,1uan9OxrRwXX14yLwjTniO
rollingstone,5kUw3VaFGWr9pWqSA9j10Y
rollingstone,392kSnbmrmtY9b63oJajGx
rollingstone,2liZsMIZbBcyfDcVEuPY2d
rollingstone,4DEjjYB3dXCTOhVtWmdqOY
rollingstone,7ryGrMwXJbBB3uC0GAd2aC
rollingstone,4LWdG0b32IVFpw9KiRVG7p
rollingstone,2Yw3WljsjogaJqYNbNwqi2
rollingstone,48tCkS6i5ZljFwoMnbOVay
rollingstone,4Qbce65gGKHpgNKcKixXbs
rollingstone,1gCMOtZ96DYTeo0bMTZCeM
rollingstone,3WkZ6ZTNoYFc4VeBAGy3zS
rollingstone,0KVasPCxQIw52jCe7vcCaN
rollingstone,4O3Xc6ml3LqW7uLLqvYxo2
rollingstone,04GpXnqNFz9hX9iRWye5br
rollingstone,6JHd7fifG5WTWGqCX8OuNt
rollingstone,4HlUYCH6TT1AEZkaMsu7Cw
rollingstone,2mA73A3kWAUKLubVek0j74
rollingstone,1sejppZYCM2NTdQRTPRXMu
rollingstone,49r15j9MKKZAeDnXqGOfli
rollingstone,7CYUO0JsGQ4g2Mf9FhOoud
rollingstone,63HTP1ZetisHEZSQxPEdLm
rollingstone,3v4LpCt126pKdFLTZX9bxB
rollingstone,3MjfMteAyEDCrT9xOxZuQW
rollingstone,6rIzOGyGEQ5OSbmiHbU8yH
rollingstone,54hE478arOYtiJSat8CaVf
rollingstone,1ng9mFEQZoJwZCWCx4K0La
rollingstone,3F4JElT6cEhoeoDpVNTMkT
rollingstone,6e4O1tQTxxKVEBRQRin0kb
rollingstone,13y0UQLGx7ohpNpc2V3DyD
rollingstone,6ykGsFUXxfiR7A60mBYQUj
rollingstone,03ZqCgIDiN0Drb5fgq3BI6
rollingstone,7D73nFEfu4TIZTIlPwKExu
rollingstone,186DH1MGsKqKDVbwZlcgzS
rollingstone,3diSoOqzzgJvjMjgLU9C4J
rollingstone,0LLkFc2cPadyJDcwmg9XeU
rollingstone,0Bm6TjPBIJ8orRHKUQn1Za
rollingstone,2SEJVCoUMEQgggzEQEStqF
rollingstone,7GWrk4I55Ob2ZEdpf4S96V
rollingstone,4Se1YtBO0DM7fDWtkyofaO
rollingstone,7zGpD98MSMdOfieVSJIvGi
rollingstone,3Pa68YWHu7yNMva9bh2uTH
rollingstone,3Jmacqqslr1X9R050tzpc5
rollingstone,057LupYK9rSXB72MrsVMq7
rollingstone,0BaYxWizR3jYo8JU62Myr4
rollingstone,0ydcrLjzgz4pbiGonRU3yx
rollingstone,3X4GYkBxlyLUIR5K31NZCn
rollingstone,6EB8qbfR6kBCuiHSawVwEf
rollingstone,0usSB6D9YAeZ4iK9BJeKXt
rollingstone,4sUzx0HGWDQQnBWaQ5syf2
rollingstone,5bBKYH0Bb3gNrAVm5omiIT
rollingstone,19ayluyRZqslLzqNdAw4F9
rollingstone,7E0fu2z3RHYlI629paCfTo
rollingstone,6KqLlGgACAgY2g9EWN20A3
rollingstone,67slkqT1wevJFpenfUNnNe
rollingstone,7pqLmcsuXWyJi9jkJ4gef3
rollingstone,3lncx6N5BxCfG1pjGB6wQZ
rollingstone,3EgBGb0VcZsKZuG7zXljfw
rollingstone,5n7VENShAhFsTtzEabqc6O
rollingstone,5L5ebC39Z15eftxWGicFyH
rollingstone,518u9LYvnLfkoUR1arXhIj
rollingstone,4oriWURqAa5N6aozh0JVHH
rollingstone,4julVqArQ6MGf1Uo4ejJVO
rollingstone,1ntfWryFxFDClKLUESVVf4
rollingstone,2UOFJHecpFlXXgMUis2jyn
rollingstone,7wXb64DZj7zEIq3ayudKuJ
rollingstone,1U0sMxO2wGo5WDPQPzGCZo
thefader,0VQZn3f7axSQF6HQIDDp3s
thefader,4j6581zSQlD384wqYJ2OcP
thefader,0IWgt0h2ZxDNV4iVMQaELL
thefader,0m7tzxvgN8DERNvHQEhgsR
thefader,2tG4vcz11vFMPIGB2wsbqw
thefader,1ztSIhgvwX34uagv0ObB5g
thefader,4G8Tu5K7BaBsaFScFk2KJo
thefader,0XAKn79tuZtUMdUH5h3Moh
thefader,3B5OtEsodTx2eSBqpyumgF
thefader,4OttlGoioX6LfcJWaQ1U4w
thefader,2bAmaKU7fg5GwbgW4S1zSW
thefader,6k2y27AwESOxYH8leg2K4W
thefader,4lEVEP4X1upKHeQO4yJDBF
thefader,0tiH87z5ebRTOmFKgbJTk3
thefader,3E7dQNZEvhvvhzIKhcGntH
thefader,0WA13xLYSSYgBZ9tLZ9XoR
thefader,4hKoFepPqln0TwLmWYRjpL
thefader,7n4mi9xsrog2V6gqmjAV0U
thefader,24ZDjTyqWI3n4DMZjTGk61
thefader,48oOOVlfBkUfbCZRfaq7eq
thefader,4GEqBtwLlzIEnF29GydMTX
thefader,5kgYxcEdGrSZB8pvfX8hf2
thefader,1BKgq0ZfojMkVaYaNGzYyt
thefader,2EfY8Nctu2tWz1ELvXtGIw
thefader,1btgELpVAa1BTTPd8EAjsS
thefader,4cQA5PtPLhGv94CceGRff8
thefader,3Pj9V2vn2xxkCYaJVADwAf
thefader,6SdPCfHXyvXE45O0Er8Yqa
thefader,5xbVsn4uvBYjuwI60wjGM8
thefader,0tHy3zwdfK7B5jbrqFYlzX
thefader,32iM8mNTbXeWZ7GKl32Heg
thefader,4uuLSvVBffpszODmO6GH5m
thefader,1muC5AWUeN5Rsi8tT9nVNh
thefader,7zDtdqBeB0VRRel96uppqV
thefader,23M63TwMxfD6I8tQJzryCJ
thefader,5aNZy0ybdwu0QDWp8XmyKu
thefader,4zxqSRjdlVWSd9ouXcGWPN
thefader,68oVQzzE4umQUoVOEQvtoS
thefader,1MlnBdwvgoSXWzMW1xGmrt
thefader,50pJrgnQXtzHqPRQGtqSvX
thefader,1cYT3o3usJE6k5YIYREPh5
thefader,1FCbKpS70DJlSRoVFq0yYQ
thefader,719BL7tEOWMH1p7nQJUF4B
thefader,4vwqRNsa6DGoZd7Q71sSDJ
thefader,7hiOITkYeO4z5FtgeVSzi4
thefader,1ppMIZ7UYKzRxq1ceazzvU
thefader,09U73N8GZC3yS6zYwrq0D8
thefader,2d4FkHC9IVqyGlvXyhczDZ
thefader,4JwubFxYDblA23CRdEG2Ol
thefader,7b5zkiRcbxCLwc2wauOUZa
thefader,3wRku237se7QZK6tdzNBom
thefader,4Bt0v96uQbfm0DFjXWQVWa
thefader,3ikGo1zgVikpNBd7Gyk0WD
thefader,1D5VMMMjaXKuMRtUgeWV7z
thefader,4giYzFEWDi62SGix8mzyP6
thefader,4uEBEHfoEGyRzfB192m7KO
thefader,1NDDiJUvxChaZYmcyuJRoS
thefader,4zy1M9IrGT8oP7zsNmAR8s
thefader,7qlnNUFWj2DwjfUO8j3qYu
thefader,43JNsjbRdKHGoduAqknXZJ
thefader,41TQcfP187ypjQP3d9AXp8
thefader,50fiXS6jDOujXtazgV33fb
thefader,6MxnDc4nssEWfKDbjut7IJ
thefader,1XUU34Pbw9JXLDxseACSdF
thefader,2BqzsCdoxQ29cQrQJfxdA2
thefader,17pqwS3BX8JRcT5SxHyuWY
thefader,39Fy42XKgUxkVhrcUy5MDE
thefader,7dXATFqwQVYWnqKWQ9nitr
thefader,3YGlQgbKXVI1ruo3dvsL48
thefader,5dFIawOvI32tk0B2h9kznB
thefader,32bA1FiLjl83IJbA7mhWbQ
thefader,6f1q2yTj28DLw6HN8UW3er
thefader,7HIQ8h3ztDWLSl0xkJcs8V
thefader,5nUxTM9g2tijVRiFyBRsyQ
thefader,3tWd5wjBaJqIysBreYSTkT
thefader,3sXDMymg836YiFoFr2T6uj
thefader,71gfil2enu4RrK8l7H7Vij
thefader,5M5zUmQSSSxYqsbBjfYY2e
thefader,3FfHLmIbxzIpgSNTrWewza
thefader,2z5YMNeGuDnUpFvg3dvZEy
thefader,2ODuxibKSMW7GD2x1tWuTn
thefader,68lUkQaSTlkdxsxH30tLFo
thefader,1qPj7DbnUuXdbB6amuIwOA
thefader,6lqaUnQYyVfvkJuNkG4XAt
thefader,4lYyWz1nZSDDW4aP6tWVfj
thefader,7gsZl8cyW4wEwShdAMv7ip
thefader,3O1hpwLoX6AdIQuyCOESll
thefader,4pijEH19hEzRrADUhmfOM0
thefader,4HY6zj13PJ6hDSNxMjrorJ
thefader,2k0OcOwBarvdsaZvRl2BcZ
thefader,2Sqbz0vMHXdTndfXQ6BxqS
thefader,7ocKjwrO0Gz3waaVoHyWYi
thefader,2CHSNESEXSNLCCbJadjEau
thefader,3XVM7SmiiDqTc65Coh1cYY
thefader,3cbLmRFaEbcrr3A7ATlqEl
thefader,2A3nyaGtRee5na0ulhLv7g
thefader,3dyDI03xG1RQHrwyAQKIrz
thefader,7bNsJ8CcbAFs963bMZJucA
thefader,3drJaQo4ygjpz9v5dwkwfM
thefader,5aCjyjUDclOf3vNAHNc2Od
thefader,63kUtN29OACeWGfRIYV7S7
thefader,2If7bHpQuEtAvxZlk7b735
thefader,36GCkkcBD0aAIkFS6UFFkd
thefader,3iSsOWAhQF4LDrWXdSkAOu
thefader,73YuRKNdlwIuVKiQQRuaP5
thefader,3sMZIFkm9DgOKv8wAXtjMO
thefader,2dWtRasYtY4tLkDUUjRGxU
thefader,6VI3on5WHaS5EMEw1Medk6
thefader,0heVPDEgsQTrDzBDnPpDDk
thefader,2YtQPPkf6qzdS4zxMjSBP3
thefader,2ZH9yRUBjhW3E7X4JiLQ4i
thefader,3rOeI9hjJhJVyOam9Xj1BF
thefader,3mvX4rDI9DYRBeztmoZy5z
crackmagazine,5iCV1Uo8RAM2lLQaLobsS3
crackmagazine,6iiX4sJ5nrusrFYWSTVNNb
crackmagazine,51kHzdobChsQYB5xvmN50L
crackmagazine,5elRa6jzlW2ZidSB0JmzIP
crackmagazine,3AzrUW6S5PThTis71KcTYU
crackmagazine,3G6upC4c1xghIn1BIGQCRT
crackmagazine,2TCD92FXczBegP9op3JEtP
crackmagazine,6aaJIc3iMURBvcufQzYuX4
crackmagazine,6RbNkkSxzFjk2mYr88k6za
crackmagazine,1spv81ziIFwRoq6fsVqAIg
crackmagazine,0xbBh4TBhrj3R6Kei4oXTq
crackmagazine,3Eg7HsBt33IK2FJ7aVAIaz
crackmagazine,6bowIPPrfStjN3spE10Bgw
crackmagazine,457xkoKvzStgRF8XukgVTT
crackmagazine,5OJXXouFOfWvuO9ZWAB0Qv
dummymag,1GsNoC9Xdjz9Z7rop7b5xR
dummymag,1mXyoXGGBi2JHkPBGsqZQW
dummymag,1rjQXQDCGyNJl71vfLb0K7
dummymag,0EQfbQtQvIKJsNKGWOzn8y
dummymag,7pwRmrUV3e1xhCQsJss8T2
dummymag,0zUOcpRfYVYTbyvBKOIP83
dummymag,7fn8Jl5mLWoXCsDcTDwcTJ
dummymag,5t8xNi1PMlGAEHmrTXGRRe
dummymag,6j5ogzNXrVvyNdIySWcUix
dummymag,1QwN0OpVirMqJSr742ni5X
dummymag,65lFccUbywGQDMOWvZlqNj
dummymag,7kBoagMLtvg5JZwlo9WVsz
floodmagazine,3qGbfLNGdRxeoA4uYVz889
floodmagazine,2zRX6RrFhtRrLptBykOjPf
floodmagazine,5MTHYdil1Ly6hNHeU1i1Bt
floodmagazine,0WkQsK3z7gl88LonuoshS2
floodmagazine,66ShmsnZotcfOHNxpWDXik
floodmagazine,0AYYw8tKrT3Bu6ygXFNDvq
floodmagazine,3HOC3WGhPclRDA2ItKAXtq
floodmagazine,6XzizxTR9cuIEj5dGn0nBJ
floodmagazine,5wuvN0jqY1bEI9axmTbqoB
floodmagazine,1Y7NP9LWHYByvJgR8F0z13
floodmagazine,7m72Wf5n1RkMFReOsmMs6w
floodmagazine,751z7pk4cdHQ4KrEWj2IOM
floodmagazine,3UaEgDhqJhO7te6uAWDoCi
floodmagazine,7wABgrRA6dfkjechQWxnQX
floodmagazine,12cyM37uL7wcbahOrPxqsu
floodmagazine,6SRMUGipiZx41GgZ9pJxCL
floodmagazine,3u2V9Bd5vzyF6nfiUNqTeH
floodmagazine,5ewgqzI72weQMJvU9MC3xk
floodmagazine,5fWk7UvRdqogK6bd3eqtLE
floodmagazine,4DkF7hUxyxI3bXtKMex2b1
floodmagazine,0tmOFDUI7ofCKGgu1k50OP
floodmagazine,6p5VeYjsgov6jTfxMnFool
floodmagazine,4O7MCUFohxqSc9Sb9sXDnz
floodmagazine,4NFdoBE4gC0qaxRdnumVtf
floodmagazine,1aJvtd1T1M1iA9KRTpQXNW
floodmagazine,6htdfSHcvnd0uxfarAScH0
floodmagazine,2Sg8e8kUVemLhMcvWnmXE1
floodmagazine,17w4gS6dsaLJPamq0TgGpZ
floodmagazine,7MydS85JQLZiih2L1BOYIP
floodmagazine,5j4kmaziFjtKTKc1xgujOd
floodmagazine,230K3Wyv8YugVCjKbLy6F4
floodmagazine,1dzjVnQZBdDx3NVbsjaQ5o
floodmagazine,2WRNJQqehTAlnf7bQfudav
floodmagazine,4eeHGVf4thhg0XChBLo2Oi
floodmagazine,6pOc32aoLvltF2gPH2Q2lj
floodmagazine,7sLx7AvlFk8NDPgZ1gVBeK
floodmagazine,3Zz1PZt27yeXSi71DqfCll
floodmagazine,7AEUxPRiRUndkLidjbDZBo
floodmagazine,1otjmmiOsvewYq1KgK56TV
floodmagazine,67ZBffZ51UuLCcCIPPWWZJ
floodmagazine,7E8WRNpjwWzSu6HfUG7U3D
floodmagazine,26s11SKyddOuOrzmx7f7de
floodmagazine,61gq3YDjrXKYLKXDIL4cx8
floodmagazine,0O4TGk7D6urKunauDgEYxi
floodmagazine,69UbAuAyAXNxg4uSjgZGTQ
floodmagazine,5rFUsJtECzq7TZdQaRj4Lc
floodmagazine,0HlX0w2jw2y4M0ubIhBopj
floodmagazine,3jMVYfdfv3PNOZv7k1hUiX
floodmagazine,1IFZdmdbzBo0TUkULzyDhg
floodmagazine,4E8T1daUlrmLI0PtxgZ944
floodmagazine,7dWdZ3P44SCrHvJwZ74tS9
floodmagazine,0m9NI05rQZJgnxfDH7mnCZ
floodmagazine,2CZbOx887u8Ra1EIDBsHGA
floodmagazine,1JiZpN8B15WFUfQJhBlqfK
floodmagazine,1vS4PQwYx5jw09ehEQ97yX
floodmagazine,4ZRWrjXtFpQmmaSp5HWsdN
floodmagazine,2WxcNtKUte2ZY35eEvMfQa
floodmagazine,1kUOpefFeAc2amrl2QgwOU
floodmagazine,4TTJEBwJayD4LzVukESYmQ
floodmagazine,3uLfDZizXyEH7ryrxouPrZ
floodmagazine,1Z88iBdjikbTsS53K8ArsK
floodmagazine,2qygABwkIqXm0HM3FelTUA
floodmagazine,6xIpipulB01us6SH26UpR6
floodmagazine,2DxfFHRlBAxwNxbKNb9v3B
floodmagazine,19AQ9XNh7HhuZMrWvDiO5P
floodmagazine,2Lp5vox6gBM01HZ8wLA8KU
floodmagazine,1QFxFxPQxlQjJf0lSwq0bD
floodmagazine,0VEraxlYbe8Bhg3ZxfFHcI
floodmagazine,5sOIFZgaREzQctOlqjAPID
floodmagazine,2jFT2RFOPJqRn4iYdoNgZU
floodmagazine,13Ef3q958Bv5CqKJwE03p0
floodmagazine,1r8fnNmruCufzWlXgLqY5d
floodmagazine,7IssZKpTlzXj8uR4rPgjGv
floodmagazine,4yHD5N0TkCb0O8xjKddYBg
floodmagazine,7MvgpkvlTcnLbfdSwk0j5K
floodmagazine,53VykFaD5sLZ6sP0VZYkXl
floodmagazine,5EwrLTdXMLWrCmmFDHlsjt
floodmagazine,00MDb5IYeVXBl0nas1YMVC
floodmagazine,3rIM42zO2kIqD7asormpRm
floodmagazine,0hUQeYvpHJ76Xa9ql3HKMy
floodmagazine,41OOL78HHHrFuuLtvK1bKQ
floodmagazine,2C5JzKZZNmnWbRJs8mCaQW
floodmagazine,1tubsixgidbA5O0RwjnzXq
floodmagazine,6Dx6O7xnwnQwMtXajGlLHo
floodmagazine,2EfEZjZ5HyCTxTDU81fwbt
floodmagazine,3LLEXSDBT5D9GjAi6hOsVh
floodmagazine,1o1arWRxytY8CJwWchpH95
floodmagazine,1fJeSoaN8L837JoHjPZ5gA
floodmagazine,6Yy8EhTVeDEx0OShxUwGmK
floodmagazine,4w5rXYRg8AdUmttifPDHjq
floodmagazine,6DLqINN3XFSvvWLdAkJHPJ
floodmagazine,0pjzUXhFAvEDwEhB0tC3W9
floodmagazine,3LZobBzudpmdoeE3sPPrQ8
floodmagazine,628luyzOdRK0vCV7yiPiUo
floodmagazine,5wTLVp1X4nRaRowonan459
floodmagazine,5QCX9gHxglvhJGqp3vWD68
floodmagazine,19wyotMrod1MkHpEKXRcpD
floodmagazine,43bXSaaqXIzxKpatkfqfCO
floodmagazine,4NgjXyNx6y0A3RCxLgMPPt
floodmagazine,30jV7Y9S687D1CysqTi366
floodmagazine,2GTq5XYdyN3YB39avF8Oui
floodmagazine,3yp2Y2QzmlJK5Td0wvlh9E
floodmagazine,7ml0DopR1Ly0Qp8BDWYiXy
floodmagazine,6EdXGMvBvIlEmlreGjfr35
floodmagazine,1xyDsIo1Khe9dibVJoblhy
floodmagazine,3bMljfRxo8MhPS8B4sZicN
floodmagazine,1FknEkGvjV6lnJ06oImVqq
floodmagazine,1vkG5XUSISnIV7GItjLnMY
floodmagazine,4RJRuMRFvGPsEZXS4iWnMr
floodmagazine,5ClA8acD4zGECAO3zz6j5v
floodmagazine,0UYHlbCJC7FJXAQnNYDqZ8
floodmagazine,3jY4Pgc3vtzGgE3s0GBvTm
floodmagazine,6q1dIxBLpegYs4iJfVnpGA
floodmagazine,5u2aqbcAVKNqLmzWg01UZR
floodmagazine,2Va19fdZDEXlc0Y8ZJru3b
floodmagazine,68QsKHJTKG8JLoFANo4Hs6
floodmagazine,7oUcVfj146Ow9JGerYZ373
floodmagazine,6bRpP18vjEVkyGCsuQvcLO
floodmagazine,26ruN2l5baoAmz4xt9dR9p
floodmagazine,6ii3EjR6ZnVtMEaBIo0KGw
floodmagazine,2Bjwf9CE9DbuhhNFm3nWTZ
floodmagazine,0A0VUJlax0peDlfAdYTAUA
floodmagazine,192LSobaNmtLSWYM04WSY4
floodmagazine,5JW056u3EFoIZsnMTPfYYg
floodmagazine,4tQ21e6mNMhaj4QdVznn2p
floodmagazine,5nfZ4hVMx0dd0GFf29lZO4
floodmagazine,0EXdgwe8tEbogiHp4AlEgX
floodmagazine,1Qj7qBVgq0IPsXN3LVDpJy
floodmagazine,1Dh0yOghFiTdBzslISAjhB
floodmagazine,7K0snMNJeklSjJPgKLUEcU
floodmagazine,7h4K7BtCldlDPlnuEF64P2
floodmagazine,5QMpQ6dUXke5qgYOathxqZ
floodmagazine,4uBF8o4Oeesp9U0Ve1ctc8
floodmagazine,5k8VjFQrtBpN7ukJtNaBKc
floodmagazine,66I2pCjFDMtVu8VVAyxAZr
floodmagazine,0NfcPYJxooBD5W4oS7J1rq
floodmagazine,57Fj0CFWhNWE1rKryW6arL
floodmagazine,5OteXUWnIFShQeF4Fd4pTE
floodmagazine,3fTzjx1ipSuQH8TKZYcfUr
floodmagazine,1OIDnF2x4qh7dCHaSbvpE7
floodmagazine,6TYYqHXyKtEp8W3ReYIulc
floodmagazine,0dhP3UtnjzksugNarQMRBv
floodmagazine,7CArXATKdC3I54xaP5VLXz
floodmagazine,0RajNv5f1XWxOK4ifnGOhB
floodmagazine,3vbh5FfjC6BpaxTQybnMHF
floodmagazine,1lZ9NaCM0fqvTY30r98OQS
floodmagazine,40iUtQF3pQzYxbcToz5js6
floodmagazine,4wjBaYPuco9gT93lKmaqba
floodmagazine,4wNEKt59zGMD94Yxsttegi
floodmagazine,6wjhPmbqjSQb8KRzBwi03E
floodmagazine,7dzSjgQnkMIKsWnzBEh93P
floodmagazine,2raC3TYJaVODKjY7IpmYyA
floodmagazine,4EAJs9x35EudYanr7OBndl
floodmagazine,0TmA3CzQTzr5Lw5h4eJ1KG
floodmagazine,56qrPiQwvVu4g8x2nraUAT
floodmagazine,2DWsV3n28khFV3vDCSaMlx
floodmagazine,3I9uAoypHGSzichBOh5WhG
floodmagazine,0YV4A7wxl7uVnytRDikc0M
floodmagazine,7pUD7MIJa0PwrcJqEOEIrS
floodmagazine,25QRF8miLNjE7rQG5mhIjC
floodmagazine,33XA8wTcrJcykt8UgUlFNZ
floodmagazine,2vWb0q94XhJsi1swkUduKj
floodmagazine,5Tfk3J9OCyJ7Rj3IYR5V1O
floodmagazine,7uoMN5DFRlMoIdxrZccylH
floodmagazine,5WCgPCommU3EyQApBwU5Sf
floodmagazine,68bffg2tg6ndzl5Q8IjtiB
floodmagazine,6e8DimASA6rJmJpnfeGSlt
floodmagazine,1VDfjmuZRn8otQOwCGm4I2
floodmagazine,0WPV40zpLyPTWhwPPKub8f
floodmagazine,6kySRqEfbhIEAyWPG7laQj
floodmagazine,3Z3Pr2meEcAigIiRl9uDFL
floodmagazine,5fTRSZswK58jnXLcXTC4Hn
floodmagazine,5FmZm5ed6div8Ekjh6fPOj
floodmagazine,2o1OX4IT5hD4F9RgWpbxn1
floodmagazine,35KSve3lujMQHzRceX0sor
floodmagazine,0BxRYLCxcuPsKM65MZtkDd
floodmagazine,6yLT3JEA26Ev0oDOnlN6Ja
floodmagazine,0yDpmoTBSziRvmfU0r5haR
floodmagazine,5ri6HT2YpgzBizC5c4at3I
floodmagazine,0BkZ6AKqvrGYS76dSYjBrs
floodmagazine,6V0MbZWNc48lenml0oKJGu
floodmagazine,12egBjzSvqWZjnSXgxYzt3
floodmagazine,73sPs03knutF3Gdv4dIpPJ
floodmagazine,7KvYZ6NyeZjc4gs6zhwddh
floodmagazine,5hU3qxXAljHmja7r7OPOZw
floodmagazine,76DuPCGe3N9yTqrDByZvBT
floodmagazine,7FWbXSqgajxWIZXwdJq6tk
floodmagazine,0clbtAnZONFKJm2gKHeCY6
floodmagazine,4umAU7KMyENfMhTnUhaIXc
floodmagazine,5dvors6OlFVb6zfbcsTte6
floodmagazine,6Ax8ZqUfYFiIVWNIij7Hyx
floodmagazine,2aWWNnG8XvUqH0az6Fewuz
floodmagazine,4hOysFpFak9TOLsnXJPkTC
floodmagazine,4y8iEN9PsiEtr7fRNfkKoZ
floodmagazine,7ljIQ3Jdu5QQk6S37mdZ0d
floodmagazine,1BUTBI8v6AlgTLfHuWcSC6
floodmagazine,42zwhKJ8AVGgbLAGiblCT6
floodmagazine,1bpwGx0hpMtx6EFWc6YzgN
floodmagazine,2U6EdN9mIdHhSnm9ajNAgn
floodmagazine,6O1lrv6qw1JfRxKOoJJ0we
floodmagazine,6VaYxFeJRDXc4W97OE54gW
floodmagazine,2xvmb1rYf6JHXMcnr8mE4v
floodmagazine,0h6CMUosR1zs9hRRSEqzqF
floodmagazine,2m8PxYDe0orZie3jv1JW6q
floodmagazine,4PRBsBcQKNBEnHu6uAO9YT
floodmagazine,0DaGji0RVsv95kO6Y8z9fv
floodmagazine,37znitOLK1X9zE3jpKT5CF
floodmagazine,08wd6O9zlAjB26KaO8jYvp
floodmagazine,4jjSyeVytr1jul105fShhD
floodmagazine,6h0VFokKgq2sUqb8VoGcox
floodmagazine,3AuJoQL2QvkJfj0ADddgP2
floodmagazine,47zfD6QJovhoekKm4GDZpb
floodmagazine,0nz4t3AmgA8dWj0aTvZbdN
floodmagazine,7KWf3sOT2WTTV6EogOkaUN
floodmagazine,1BR32v0NM7RjSG1UIOTdjg
floodmagazine,5hnRnTCuZHi9O122dNU486
floodmagazine,2IWvqo5K1IMn1JruFM6RsP
floodmagazine,2YWE2oenOz2yBCBQdLPiHE
floodmagazine,2gcmAF2fgMoLZvmAYRyO9d
floodmagazine,4aqtaPnzs1xAJdxweKr9aU
floodmagazine,7kuuckagoVaSzvMAsOcIWo
floodmagazine,5dSBEw4a8ESJ3mg85Raqs2
floodmagazine,1PkA3n2R8DAKWYvObIeeTq
floodmagazine,2lElqHMLTNUqU1zmf7wD3R
floodmagazine,0HcrQBUHz5eNhNWVAX5J7l
floodmagazine,0TvhVMk0zhk7AjFJkZTBgi
floodmagazine,09udI5lOAO5gNQKGc7nOp4
floodmagazine,63mu3LrgUCjf8h7jiEfmXg
floodmagazine,5IB6Bzt5WGRJWMeaUlY29o
floodmagazine,6tF3W8x8QIx0bHYuprRaBc
floodmagazine,4q01HYuvxilNv7HaXZuVMU
floodmagazine,0crVRnWribEaZ2S0JjzfDO
floodmagazine,1qKEwvlfKZ2gCLzS3Np4rT
floodmagazine,6zGnpqWVOJ6thZkRsVnpEB
floodmagazine,6rJDXRcHudfzDxlQFKEcWf
floodmagazine,3FunDguUUoN0hKf84FgzpO
floodmagazine,1inSN9SYHV5uRAB2YoNLa9
floodmagazine,04vpEdH7ES2pqv8i3qtWyc
floodmagazine,16M9zLAfvIM1gIhqbxaNbu
floodmagazine,1xLcg1kb6WKtqDsJS60mIA
floodmagazine,2zTiwBNA9kuoLpjjgCiyN0
floodmagazine,7xdmuzhlqRGIvG8QpWtY2p
floodmagazine,7eWu1kEjD7nMzfROVJjD78
floodmagazine,7AmqZWBw8MUPRVEORCouq0
floodmagazine,38Ph7ga9dPSMkXXfUewteL
floodmagazine,1xm0ichkZkO6CGSn5xSVvM
floodmagazine,4OCGNTfPcaIUeeQcj7tBZZ
floodmagazine,4KXrvQEcsbyj9TMCmwMIT8
floodmagazine,2QrOx8u9MA1bYpdOQVnRD1
floodmagazine,76aG2qsZdXkauN2a5qnII2
floodmagazine,1L7f0mcqcgxoGh6ICQAtqR
floodmagazine,1dRtSBuyM0neyWHU9aw6Sk
floodmagazine,77EX5lUy95Hu1gOSVUvHSB
floodmagazine,5lYFRvmSM4GjYFiwLJwaBu
floodmagazine,77UaqCRN1BPC1oOCq9SnYw
floodmagazine,1aDmidKLjV2en01ZS4VBWK
floodmagazine,20D068a72iMpFm28k2dMwz
floodmagazine,2UJq2a9bl9wRN3QWDglTAG
floodmagazine,7tnMtxgcB2Zuz2U2kIDSeW
floodmagazine,3KRiEbvnS5LifROQB4Jh1G
floodmagazine,1mkjNCzKneD0PZltCtyR1Q
floodmagazine,7H6xyLNayreGnmbbvmuiHs
floodmagazine,10CkM2NCt6u79iaHSUUWBj
floodmagazine,2SliXJ1PXhh5EzQB4zWhkk
floodmagazine,3475OkiCnWEnn8L5RSPTtm
floodmagazine,1UgS6aNrArF1rgKF0vBuZH
floodmagazine,6ApudszJENMpl6FFrcm0dD
floodmagazine,5H2JCSAOZ2HHMr0EuREHZE
floodmagazine,71W5PsaP7zMDArgdPz8bUp
floodmagazine,5woN9oUilF1QVJsjlJxADt
floodmagazine,29RT3mqpa6ki7sbQvSlPpb
floodmagazine,5QPOjueKkGkDku1v2gWBTE
floodmagazine,3zQRQ5Q2QMkzf0xJSszhuY
floodmagazine,2s5FkSeOHLebxW3HXUlkoM
floodmagazine,51sD24mUpfGbL4rlkUe8VB
floodmagazine,7buMP6tNoM6h1DM4xGHTgN
floodmagazine,67jTb96x3jYo87UjdfiCbv
floodmagazine,5u3eAZ3w7Dr6aLdrYgyQqJ
floodmagazine,00ae8r2238cPKVOW9NdwHi
floodmagazine,1t7EanjlcdQjf1lKTSOPQD
floodmagazine,3WegYocORWIGNSzU8bFwdN
floodmagazine,4I2HbiWKMZ8nt6VaIiUPBQ
floodmagazine,3i91fEkaFJgqFRuzjl0hx0
floodmagazine,3SVTHwB3S6FsegRjTTbfVM
floodmagazine,2UPKve7iGN4gMPUGws8yxr
floodmagazine,07u6IJLoV9rgfpY6Q9nMWF
floodmagazine,1rt88eitqdD4xUeHAbaR6J
floodmagazine,5AxMr8mIxc4EHgpk9gNEnG
floodmagazine,4wCLYag3YNGogITT7kHY3A
floodmagazine,7d7TJaWtwFkpZnwIiOqf77
floodmagazine,1EaaZxsC3Hl3vcQzdAQ08J
floodmagazine,3VI3qJXx5gXQ38wUDA1FNr
floodmagazine,2LGzOfH35UEgD6fvvR8juj
floodmagazine,6cYkoKz3rUk4emTcrTsdAh
floodmagazine,6xeYXkg0LO9o0udZYOTa4K
floodmagazine,27JlDz7z0drs7uiksnf38R
floodmagazine,3zGL7Ea6ngIR5LeVrc7Ovp
floodmagazine,3XXNzvGJ3VIEo9lLX4V3I3
floodmagazine,3kUNhJ3uMoFR2VW22ZNAI4
floodmagazine,7zYSoKfZpkwmYgzEh5rS68
floodmagazine,3zGTWrRoA6BLghhJEtINYB
floodmagazine,5HAI8SwyfjO3Kkjr70qB9U
floodmagazine,5cxnqZJTNAZH8NnzjwwRr6
floodmagazine,5zSgPF47DPVNoaz5Xb0uQC
floodmagazine,6YeDwSmNA28Rp1kqqmJz2o
floodmagazine,086AnzpzWqjpCteDzKYz66
floodmagazine,6Tr8cbUdIMDF72uC5Cf8oj
floodmagazine,0Hl96x04V7ffFPcc6OjF20
floodmagazine,3MY9X3QskyzGrULMIGWNVX
floodmagazine,4j8WHkNcCxnuYr66FrPCEn
floodmagazine,0fdKKyIJAgRfptKIenPidq
floodmagazine,4pnodJDQCdCxtvqLg3xCIH
floodmagazine,4AKsOwuzizhj1YygbM9YDN
floodmagazine,6XXlTehRZZXSWnP3bLMhjB
floodmagazine,7wvF0QjNC0q3lvG1XKBxLO
floodmagazine,5xlQpZwTDVUZxjmy2ROp6J
floodmagazine,26Qx4rsEOb0Vk9GS5VgH4H
floodmagazine,54qbPcJ71jbsbfJPk2Pfrq
floodmagazine,15WbiPYkY4bBcveIzJcB8L
floodmagazine,1JRR2LRlL3xsqK5Gd2WSjv
floodmagazine,5I00SyYHsLmA8UfhtoPc8M
floodmagazine,1nAaPjunBBFuuqpasIDgYU
floodmagazine,5QDogX5CWMWtnzfAAxabXy
floodmagazine,7svQHlow960EDiA5a1QvEc
floodmagazine,48Wgs0SYS685foXbcb3TPA
floodmagazine,46HoFPy6g5Kb2q9IwhhSfx
floodmagazine,02WytBYswUIobcXzXnpsBT
floodmagazine,1r8pk4N8NRhkfcJMIGlwTC
floodmagazine,0nPfgwXfsZEF3TxZ1rjTqD
floodmagazine,59z6xb1yn2ZDwS7DKwtnCI
floodmagazine,7coJ5NaIiffZ2mI1nwdfSv
floodmagazine,3yZyX4hw810mo2ieFbbakS
floodmagazine,0H9BmmSFxiXnJbxncbxrl8
floodmagazine,6B89z0BY2mlpBGGzNoWifE
floodmagazine,0JZdknBGz1P4ZnmtSpc9TO
floodmagazine,0lcxfapFIS0Rce3DMbeB3L
floodmagazine,6srG688M3CIuPN3c3Xe4JG
floodmagazine,7yJ3385ZIyrADlwSsKTQqW
floodmagazine,50qAtpctH5AmXWFB6399zo
floodmagazine,3xzWO7QYdjAKsMlZiuKJ3Z
floodmagazine,1nXLKFCSc6zy2I2CcRXVo4
floodmagazine,3Bl7jQduyfF8pwUvy7dX68
floodmagazine,2Uw7bMVUHWK4NOi4ln6yO4
floodmagazine,6c9UW0jz76eegkib49SBxi
floodmagazine,1YTr3UcUUBgQ9m3rBaXpqy
floodmagazine,5zQ192kAnUFMsgxnPJfCJA
floodmagazine,4Sh8aEJQJDuOLmOmYAUbj8
floodmagazine,6kiXtTiYd3o5QOmv2LrwI1
floodmagazine,4KeLJ2h8eYeimV8MVGivvQ
floodmagazine,4dnBOJQDJLaAWbv4eVRZiI
floodmagazine,3N5i6UN0WbTl0l3cm9tU9Q
floodmagazine,6eWnZGwCXuqITrMFUHRrAc
floodmagazine,0roHGHRNi98PTJLY5s9Oz8
floodmagazine,7uoRuMlcyC6SIhLi9XFmzu
floodmagazine,06mNCORu9wJlZRIUIXzQdj
floodmagazine,6LVLUeB1F1aGt247ZAfExp
floodmagazine,0zgHnMoU1efh0LgJ2MHzsB
floodmagazine,68MxHr0XYzGloUxGYD7xej
floodmagazine,7bjGPrsR59pdKUK41roN0g
floodmagazine,2AXGnUCBUXpb3qzFWluVON
floodmagazine,41o70UuHBBqA8WhSwVKLWX
floodmagazine,0jxdU5611vPBO0VAIV4SnX
floodmagazine,4byrRQ1JmdKmTPApFy9yTt
floodmagazine,4wXnC1LCKBXKHdSwRlnJXt
floodmagazine,2ZKnoYfIwr7eBtRdCjHtte
floodmagazine,7jn85LuC52bkFOKoJIAAYD
floodmagazine,0yqUpNvCiN0NzXWd6EY43S
floodmagazine,1N5oDXRAK9Brk78iUgrNLG
floodmagazine,3EQVluiHpAoA96fY77g9Sm
floodmagazine,49Ev9AU2dMQx4cq4QP4dCJ
floodmagazine,6qBxjD2B9wcYN6FBRHXakf
floodmagazine,48P07AyMMc4Lv8dOATOoya
floodmagazine,3KatNgyjVPjhNKnoinBukD
floodmagazine,66yPV3ie1jMaF6JWU8sqBa
floodmagazine,6fVfLvreipg9zBOYFTGZRZ
floodmagazine,5XvspXf0xxxumQRaBSlZ12
floodmagazine,7L0fjlSxTf5H3Nfwryxb8Y
floodmagazine,3xBbusg0ANCvXoDuYRdEoF
floodmagazine,13gmrCYmeWI38SrJEkYIck
floodmagazine,7rV8s8Sf7GyTgupgZd14lj
floodmagazine,0ejr7Lq1ZoqkUGgTRo6URZ
floodmagazine,36usp03cWuRuiYV566NiJ6
floodmagazine,1OE1ww5TneTreknHjwq57o
floodmagazine,1xeejQk7cNEn0OsgNyzdQM
floodmagazine,4BDVzVFzUnGCcGMx5vVn2o
floodmagazine,32tv9efvz45IAIuKiyo0l1
floodmagazine,6Nr45xstxlMDewk99ZQRY5
floodmagazine,5rQYinEWgfWq9OJXoWSr3V
floodmagazine,0xQeeBOK2VXmnA5GopNdQl
floodmagazine,40rQ8S0NFyYWliOhBOBTOU
floodmagazine,2dMBBKqmbTu639Qj5cMK2i
floodmagazine,39XAmVg6X8nWV6HbhFokQx
floodmagazine,2pDviFmdjTsd2YMI4P6C1c
floodmagazine,3dVIfBqME0Yvq03R5M5XO3
floodmagazine,1vUMPoSI0r3SMBMamMiRjn
floodmagazine,1wJ91WwQN4aLCy3lHpZkKg
floodmagazine,2F07UK7KoUWfhwR7IGUFXL
floodmagazine,2VfQVxvmShzqpYm4SuOVhU
consequence,2pWM7qs1maRU0zfcNiGdSl
consequence,41htoQe3vjMfhTOdEbNwvw
consequence,2vrj6ih8ehAqh5WoMmfXtb
consequence,1ketycLBru1BBTaEAP02e3
consequence,5XlVzJUL313cmIguiwNPMM
consequence,5o8wsRfUEsyc8lCdoNu83O
consequence,4XUO8v1h2aeqkw35Mpqeq9
consequence,7DpdPGoXBwbzF15ZybKH76
consequence,4ZV4Uyxet9PlN2VgJ1O5PT
consequence,4NVUlGvMW8OeUpGPccq7VI
consequence,0UXNMqUz8icEwpKVlPkLuY
consequence,206OyLaFm2otTZDHSfxMcO
consequence,5dkb65C3GQK4zI0CMZlJgU
consequence,37W3iz3JZRFRhOMG0YXMIy
consequence,2nergCvaa4PSm0xa7JREVT
consequence,5kbir054jlxrjFiqYsJFKX
consequence,3SPVxkdiV5WRCpuikYv3Ez
consequence,6z2sDQBGj9wZrFmea7LkpE
consequence,0DXoY83tBvgWkd8QH49yAI
consequence,7usDpXuT6jrhJc9ECjyQiH
consequence,7f3AKORVCnVyLV5AD7zQ59
consequence,6ehuAve7MPzafwHKqzf5mT
consequence,09RnxFJ415rpd6wqRCzEnV
consequence,5kS6KgGcHlif6EBSysW7CI
consequence,3EcWPAtg8aQWyKtsBC0MrQ
consequence,0FfCM7wG4MftDDEVXsgwBS
consequence,20wAxc43YOwJpAtcZAfY2l
consequence,6kni4L9kLlCf15pJ58OCum
consequence,73WYzArU8LwmJrnZrj95SW
consequence,01xWFmxX9xFfAozDhzXulS
consequence,6IY36I2AUBbY9xyjuCKz7O
consequence,4vK956Yymjy5GF0zG8jRIM
consequence,7ew8nOBEBfmPqlptma01Xm
consequence,35rTjjxM6AvNHX82GuE6Sj
consequence,4taIKI9vh0ehdSkLYYCnQ8
consequence,0xENqZG9XzUtIACHapT3V7
consequence,5Y7U0rXnhaU6gBOjMImUwe
consequence,6DBenEkuegIPHOb4NIQ3qq
consequence,1JLxXY38iP7PMzucsKqfuy
goldflakepaint,211wD0eWwWUEVGLdYDvV6P
goldflakepaint,5qRcSmtXZ5oGEJYmXQ2eG4
goldflakepaint,0d2DAyvBvoVY08mVoa5KmE
goldflakepaint,2OEu0BJZGZV21o3AEL1Plv
goldflakepaint,0tDePerDHnE5Dv1z2iq6Ns
goldflakepaint,2IS07VxGXrKkPTAp5jhijB
goldflakepaint,6YZPc24XcMEKk1acBZYDrV
goldflakepaint,5QSwFoXMe3s5ev2foQUZHj
goldflakepaint,4Dhu88wwnya0toVbcprLdV
goldflakepaint,2OzGnei7Ekib9k1mNbjGVj
goldflakepaint,3kqERorNsn1b3TOdy0XC8k
goldflakepaint,4DjE36NRw4X7CBxj93Y6FD
goldflakepaint,6E3okwaueDXOqvAZuudJS0
goldflakepaint,0V6o5nDRDYUNdhsU8iwFWV
goldflakepaint,7h4k4MvB1Ev55YlLXYVby9
goldflakepaint,2gJUDV52SirTVguxU8LFZ9
goldflakepaint,6hCHvBXia4A1owIv2EmuW0
goldflakepaint,4yfvTkAHToTG83BZ7Lzezt
goldflakepaint,53hLySY8gBX1oEIS5X8V9l
goldflakepaint,1BJhaveuewU6qOrSqOYRAH
goldflakepaint,0CmsuEon0aoJ7rL9UOT4AI
goldflakepaint,5VvmK83MtGfD0sWi3GH1hK
goldflakepaint,5yozq3s3khSLSfwk0KfXuU
guardianmusic,2MeN1IpqB26E7w9XHtVeuz
guardianmusic,3QtY5Slp4MR8mIVzHdk0tB
guardianmusic,5sG3AXgjcuKPGSbenkGlvo
guardianmusic,5I3LpidRVtY9u8GaLatNXp
guardianmusic,06Tpk3BfBxxCtXmjEaZhgZ
guardianmusic,3XAjihlgM29GqW3C4X2Fl3
guardianmusic,1iSgEIkkssMCnBuRZTpDvl
guardianmusic,48kgn15Mrg6XC859pVtZj5
guardianmusic,4XSTZdYVaMZDUorWlyXHIr
guardianmusic,3VG0hFkh8ku0iafbWUy9BE
guardianmusic,3qOH3oTpEzx6QU5PH4eoL5
guardianmusic,4OS9CgkbjnICO67NN2vX1Y
guardianmusic,0cUKnNQySGFnpkNnnsFyrX
guardianmusic,1lBomcYjGr1XYO5Pgc5ZFp
guardianmusic,2bQkr5pK5QmCDLVZ93XGGS
guardianmusic,1f7YfXWxHNt6R0oKiATlz7
guardianmusic,660iyU9njAM1Il7u3hLj6P
guardianmusic,20aXotpVkYXmGQSqmuV03U
guardianmusic,6NXznh6pXmUQyUqJdSQ8Lj
guardianmusic,1XgLh3kxAfMk1YIVy5AdIT
guardianmusic,7rRcOH47VKxwXL5gtZsW12
guardianmusic,0RPyhTUlvj9AA2HQFLPQj0
guardianmusic,3P73mY2UGtU9ZsIUUJtMor
guardianmusic,4nNC1fsEOcRwlw4EGq3rt7
guardianmusic,6EaO9TFXOCNJ94cqfDWuYG
guardianmusic,1MDXJHv4Cbr2WzwVW5GieB
guardianmusic,5sUeg7AmYNu5ZXUbYULXQj
guardianmusic,2qS3bgYAA7Ayk5lUbgujtP
guardianmusic,05Gr3lRzTqzGvnY28qDEfS
guardianmusic,1fvhh9QLAuPKeqO1IfQ9Hx
guardianmusic,3Tc0xMxrmLx1r1GoliQvnR
guardianmusic,0aXCFW9DCj3ILN1FiRQIWr
guardianmusic,3WovHvp8ttK2zAvSatuQME
guardianmusic,2PF2SlP3THJYXisn8XgMnQ
guardianmusic,4Bo6GBkoJqD5bx6nb73ElV
guardianmusic,3C3PBTe1AgRIZDAb45mYwF
guardianmusic,3xHgQ5kLDgDRIxESEwYhgX
guardianmusic,1mnU05ealRvGdAK4TP8heP
guardianmusic,09Z9tLOwNAXHUK5kii3OBF
guardianmusic,6YQ78knD23iFJXdVYZlz2W
guardianmusic,0l94zrA43IlSLJi2UcR6lA
guardianmusic,7nEc4b9lLyqlY6kk4MR8Ia
guardianmusic,6RxVWSwkplDb0467VtPRxM
guardianmusic,5n60fyWlxR8J7XaCH1bCMr
guardianmusic,2nDf1cdGalYaq63Qb4mZJW
guardianmusic,652iSmX9NB3CeASsfhuUm1
guardianmusic,0SDDAoYzGHPjerJM9Q9wDl
guardianmusic,49izkvCsYZF2cTumj77OKf
guardianmusic,07uJJw3e1VZDgQaiOxDUe2
guardianmusic,4YYJFDbiDJOw7MTXpT5oY1
guardianmusic,6GEqSvN0xFg3OqLZC99sAE
guardianmusic,7nckLBtmDm875gX1l5nj1b
guardianmusic,03OgUHvUpvq9DxuDl7TAMO
guardianmusic,2Yp6M9jhRW69Igz2AF5WcJ
guardianmusic,3JGTSfjxeLjaAeSR5iLPu6
guardianmusic,7l57jE2Ts8dpBvWSr9GXEf
guardianmusic,74IWFhr3M7yZZpIW5cIQUu
guardianmusic,4YZZl7q8ufX24skB9NWrxn
guardianmusic,4ca0S49TGqIkfBZLMrZ4DY
guardianmusic,05k5Mz7zPvvdde2SLqazYk
guardianmusic,7iNB7gglEmgssFHyh73DmA
guardianmusic,1mScTFpmu7egSKZEeR1RtK
guardianmusic,5VFXKTapWC52V5QFqXSc3F
guardianmusic,6oz3g4ncXBP1dCfJ01THe9
guardianmusic,0JoWAipjOsHOU1R1JXfNTV
guardianmusic,0YLdUO5qRuszOvCFffvE2B
guardianmusic,6ExbMJSDjlxbuIfVJ3yKv0
guardianmusic,3NMCrEetGkhQwAKZ4O7JEK
guardianmusic,2M0zaVrkbkabrjbiHyPX4q
guardianmusic,6ePzQztIpDciOHu9OrwcA0
guardianmusic,1FD0W0NaCtCuSueOCb5Jxb
guardianmusic,3LCp3NDxvTnXf8os30pvZ1
guardianmusic,4RUgPMVnRPFUd2PGyZfp7V
guardianmusic,2RBanmMOOdD64cxBXd3Ej9
guardianmusic,52NA0lkuYkX2TuleJH3pZI
guardianmusic,3Whr7szspDLcFuP80PmJ54
guardianmusic,2EIJTaThWlaMgAEaxR6cl8
guardianmusic,6mILIIUaq081Z6ZMyVJMdV
guardianmusic,15AaQ9uWA21HAeuKYOQWMi
guardianmusic,3kgTRURvRADOWCeVTD2bPq
guardianmusic,1hI8UDFdkhke8zPARAfscb
guardianmusic,4m5dcxiVcoYhXNL0fWpMpC
guardianmusic,2mhSi2FG4MottPZU1xZYHw
guardianmusic,1CZCCUoIibbYKGgpWq10VW
guardianmusic,3wcZyuCmRtsmbSnliEaWkL
guardianmusic,5GqXqPjSIvJ46wwLOzAsSQ
guardianmusic,0YxvLCQRymunYaAteKsBan
guardianmusic,6UkNz90E3yi0TJ9U9p18Fz
guardianmusic,0abiwF2QsurSuXjBhpQvgJ
guardianmusic,6ilUNydmjLdfNfgFu5hobw
guardianmusic,4MRAcbVQkOsifViM6heYaz
guardianmusic,745lgZ7LrhEDzYC1JSuTzf
guardianmusic,21yHw4EA0ftdWqelVUOKRd
guardianmusic,3tPOJfpMicGYpYEh3tfJYO
guardianmusic,7FqVraUYbPwmmkCkWr5T70
guardianmusic,3VFit0uMNwaShDAEAbxb93
guardianmusic,2tospzaFvyWIYCgjVn8QMV
guardianmusic,79oEFbSHxFUzlEWz8f0Ai4
guardianmusic,5VMUuM1J8MEwCEzO6amhAu
guardianmusic,0nDTGRVrjsJ1VkVrBOF0Th
guardianmusic,0yT8VB59072ZGDnClWdGDu
guardianmusic,5tk4RokYp8HGdNDz8bMLe0
guardianmusic,7GqF1jMbtDgXn0TwLSkI90
guardianmusic,3OsnXHd5balbpBKZwSSKkV
guardianmusic,3muNE9wjqu4O8f8tRYR242
guardianmusic,0Z4cajAhPzCPmWvxJ6OD1o
guardianmusic,29uSBrEXv7wvBRbMVHKSpo
guardianmusic,5P7b23ZYp7x6kz6gsPszt1
guardianmusic,2TAGnEhZL0spg43imVGtA4
guardianmusic,5MRRCW4jYwnKrriElHEVJT
guardianmusic,6B6fJCBqFZAaS7SvR40xQq
guardianmusic,3XM6Ga36A0lxiPwpgV19g0
guardianmusic,3d6Lh9DjIeH3tHe4lbwDmY
guardianmusic,4h2AIQfPrIQaMoMN8iVLE9
guardianmusic,0ne3L8jkz3PzyqZ3V5x4cd
guardianmusic,0t1dXp5Y152TQnzHdiyD9q
guardianmusic,76qqOcxikrfvuUYi6v5HAe
guardianmusic,4DLhWPXXcSxBwRDMFdBu6U
guardianmusic,6fFtEMUzOEYJHjhrWDRQiN
guardianmusic,4qb08J295e5jrPM2hZrvYy
guardianmusic,69bvUgU7FQukk0t1WTe1VM
guardianmusic,6OM8JHFrGRNtolsneFDJhH
guardianmusic,2cOUYuwv9tCCfqmo8vKheJ
guardianmusic,5IG5n7xWIC6s5J09BJFOwg
guardianmusic,3HsOKcO0qeQFVfttGLRP3D
guardianmusic,4Co3cz88vNpyn2RLSMXTPA
guardianmusic,39mkVYe7a7WpvdEHquFX28
guardianmusic,2VI6KqHbgzVVcXJ4200W26
guardianmusic,66FLMIyqlBRuNWnVQnTPNn
guardianmusic,0PQo1YcaRc4KR7WQxXzhe9
guardianmusic,6GPo2aiWnwt4DBwk2fM5RZ
guardianmusic,3esylVMFoM2ZHriCDnzfvz
guardianmusic,3ic6vyJ0Qz36ORk3P0HTyR
guardianmusic,18Y1hCHUxZkaDUAnwWQCLs
guardianmusic,5sIbmsfPYKbgXjU4664z3L
guardianmusic,1IPa8GUqEkd00Un7lfuR4H
guardianmusic,17c4eoIX67QwNo6rUSLVvH
guardianmusic,2ypXDTm5VzTWL0fkImytAJ
guardianmusic,6M2q8DEbyd1fYHhnOKlWas
guardianmusic,4ZDWUIt5Qvdax4yKS1mENc
guardianmusic,7vPgXkpdnCvACd0NUbNd6i
guardianmusic,39IyXnZ1mIunh7ZUq9Vaa5
guardianmusic,3RTH5yXFTV2Lo9t045BEJy
guardianmusic,4PgQmQmVOIn1XgJPyRZDaj
guardianmusic,1PipLF8cBCqcGbaJqqKWcx
guardianmusic,5x8ZSr9ZRXig1aEiSRmIQu
guardianmusic,6588w14TuGgOqiFoS48sL3
guardianmusic,7hkPyyAgmw9ZIfsIQDPt1r
guardianmusic,7qJRW103iFj46M5STx0ci2
guardianmusic,1jmDJnvRV7R7GbqJHhcwZO
guardianmusic,2iseAMfX76GItNDOpxeU34
guardianmusic,4w7HKrhsWZf8HjuhyWIOcV
guardianmusic,6sllDcPbC7WHgx9J0v9Tmt
guardianmusic,71YEOg3G4JLiSDZBD1UM7o
guardianmusic,0CDjJdZ0WaUEnvzha1EnO3
guardianmusic,40GqMp5QnF2VLpCzVqMsPT
guardianmusic,6kMvjBFZTeNf8p1WuRYjps
guardianmusic,5VVOL5CUolovQBS8Gk0lcj
guardianmusic,0IjaBdUGTQf5hc7tbice9n
guardianmusic,2DGnHoIjW0WpZI6lhL7zEh
guardianmusic,6JYo9DkHv8hKS4uMPovgcm
guardianmusic,5NwtxqP61BzPgK6fNj6fSt
guardianmusic,15sBLlXiB7GiH5kx65dfas
guardianmusic,4kPTxYQyCz4buL2Ygq6D5O
guardianmusic,7mnLWmZhNPXgVaeaS7xcGE
guardianmusic,1AwG1x0QhPyjHG7OMHpDpU
guardianmusic,0Wsisc4FUmRVzcB2WBTM0M
guardianmusic,74JAPH7c04FA73CX0Zq8Yq
guardianmusic,5jvgZpUHVT3UzYM8Hwjj7p
guardianmusic,7d01FfMjXazKMbCxHlm0GW
guardianmusic,7ItGZ3rUEkwzOHHa3R1BAB
guardianmusic,4i84djhT1Bo6EnSzYlz4se
guardianmusic,3GS3ThGy0edjhTFgLzgYyZ
guardianmusic,5fciPrjmj2nAcmJPzKFtnq
guardianmusic,4ojGqYhORk1secIatDfDTU
guardianmusic,4mWGeVlq9hWjMgyIkxGIgU
guardianmusic,3MHv8bfDzopmJEOtq6Dzny
guardianmusic,4qKBntz3F8wtS3APm9fRcC
guardianmusic,36LoP0Mn25wdEY2A4Fg74v
guardianmusic,5V6bl8weryKVZH46dEW9EZ
guardianmusic,5ZBpsEfe9b6OxfApxESXUp
guardianmusic,0Y0e0yr5ZDj1qWscJ3pkuU
guardianmusic,3w3rfZHF4mLcrjquVpyQeM
guardianmusic,30Me3dTOe4JjGlZQEw0YRq
guardianmusic,0AQeZxT8BBRFEUrdg3QAnZ
guardianmusic,5PbK6LyN2OSkrTJbAkNgsw
guardianmusic,7yf86JagsDOuXNwERAuDCX
guardianmusic,7J4xbYoawg4jV9qFrFtLCb
guardianmusic,7AxVOIoLmzi4iBO9qUMkKw
guardianmusic,7o2Tqxor2vk3ctn0VSV8Tm
guardianmusic,32xLcMrgj8nGbTR6rtBOnj
guardianmusic,3RNZ3qUZ6zsTAjH3zJGevM
guardianmusic,2AH2jrTXufWn18VdDECqa8
guardianmusic,65K2EtG8QcyfCNOSNLg6fS
guardianmusic,5DXzORgW9mrYThIZPQmwEv
guardianmusic,6gDYnTCjPF6xzLBXPhOTef
guardianmusic,3zeNtEq41R7krjjujbe92A
guardianmusic,1dEOvDPuSvNmTULLBFMJl9
guardianmusic,4XGvzawmvqkwJsar6qGyDd
guardianmusic,6p5pxzEWEafemMbvUGYDFc
guardianmusic,2WKTNoyFX9pfi1ncqbVg1f
guardianmusic,61RNgJo2edolemPmCnTeXh
guardianmusic,2oLV6W4cCTKBCzvWzcmv28
guardianmusic,6MQyTuZmymIYVgoRLF8lAG
guardianmusic,1KOpSA8WdWZQiGexBBBZ5N
guardianmusic,1QI4t4KNEoBY9ANtcIoNmy
guardianmusic,4rb0Und7rGUShTHXdEugNV
guardianmusic,1XUwszj7DC0uRY5L7Anj6I
guardianmusic,41XHzFjPz2vcZIErU44YSu
guardianmusic,71a0SgebinKJ1nAsZKcFYY
guardianmusic,2R1uiMdqBKVEkFYEWdajEs
guardianmusic,0uZtDwVyXIyPnrLpMwn609
guardianmusic,3K5Jn2YP7AJXntDOr5tFbR
guardianmusic,0sI9JZjLLab5MvKDs9KpVY
guardianmusic,3HoybYMAg5BV5oSRj4EzaG
guardianmusic,4bOOxIH51EpLvpihm9WX1G
guardianmusic,6mrHQkZ6jabrWVxn0dun93
guardianmusic,2TCZuMF7bZXq8pOSeJwdtP
guardianmusic,5hlvwGw0mDtNhSt7m5Fovs
guardianmusic,2E2o70WtgFYqJsGaFPGQbt
guardianmusic,3mjGrD0n4hSJmk5vBohSCi
guardianmusic,46UN5MYT5qcIGpMXjVjhps
guardianmusic,1iYkE1bubstBZK8adEqn83
guardianmusic,0hfJrzI0GJRB3WjTMz9CAR
guardianmusic,3Y4lCeLAk4egQp0gWz9j1E
guardianmusic,03Ey776AAeLP3S7AcRYnci
guardianmusic,6m910WePyK6huS52aK1YYf
guardianmusic,7wdqqckiujvunRgLwMnt42
guardianmusic,1BDNDH8S23xaG7uy0T3Qon
guardianmusic,0GFWc66F0Wf1sdyAbzbAz6
guardianmusic,7C8USsVWHJRaKtbAO69jhO
guardianmusic,3XXnQNHjPjlW4o5gKG0q5Z
guardianmusic,3G35KRaW7JZFLGjBlAw4SR
guardianmusic,2CTtU2URIE21OfUCR375ZS
guardianmusic,1n1LXeMEbFOmGrWFTYjj1a
guardianmusic,7tOqps2d2IajBoFJMfI60V
guardianmusic,2ZOQRpC400oDMVHHZGwLe5
guardianmusic,34Vd6Oky1OwUeUc6Gq5AC6
guardianmusic,39KCnxxPjMrDWlLgTM9GI7
guardianmusic,4oc89LWZKZbvVVCdXav54z
guardianmusic,3giwyutM9xNWsUjPqLahCY
guardianmusic,1uBTPCh9oygqq1AXlrAKkx
guardianmusic,30hn94T49Pfut2qvvvkav3
guardianmusic,0woAP3gBj53GB0z5WjpktZ
guardianmusic,3ALgoNp8qNdvGq6kVC2n9x
guardianmusic,2Y4QKQwSDiqRi8y7VswSSB
guardianmusic,1OprZfMByozd7P6A0y4WLz
guardianmusic,6CuDwbX3JpcmTQz7dpUeGh
guardianmusic,5vQoRS8pD6qRATl4YE3fxs
guardianmusic,4R7jqtpTj8fUQ9VcPN22Sc
guardianmusic,3ppSczhZzJJI9LzXbItEPN
guardianmusic,4lGagN1A8N5rMbpOMKUV3Y
guardianmusic,0c2jhVqXCrWkvOJZEW3kkh
guardianmusic,5OReoEyBDNbG6xU0tEJK0J
guardianmusic,7KFdYQDzfyPY402eV3zpA1
guardianmusic,1sY38rSf3uZKmt72jTsQPi
guardianmusic,1cJcJGCBUn08ZeWykmekXv
guardianmusic,5w1ojdZYQccmAxM5YCC7ly
guardianmusic,0rP98TdRlBYskYSZ6Pfnx1
guardianmusic,6O7F9UZyOKkVd51R72smiF
guardianmusic,2NERXY2iUBx7E62aLNeJ8H
guardianmusic,6nKh6oSE57wJXVOxPHN59W
guardianmusic,7ARwiGrrj4EP1tMtXmYCfK
guardianmusic,0hfVQcQnyLAYsAz5Wtvdj9
guardianmusic,7K91KVEkSegMLOxR0pqkoF
guardianmusic,0U4VYBmZSuEvhaKrljEzZO
guardianmusic,7dYKMnRwEbdPhvddHeF0bp
guardianmusic,2KD3nz7SMuJ9WmRf0JD6LD
guardianmusic,1YSFMpUaEdgQz6gGAOqDEu
guardianmusic,3ejfpssOVK7aHmzxnOZ5vx
guardianmusic,2LoTH2YjcAwWiXgP8UTy4J
guardianmusic,43OopnZAwLayrOcEHrnLIX
guardianmusic,4Q4bfnlS25tc8gUIgEqtsK
guardianmusic,2dIC2nrZduubhtysBIeXMf
guardianmusic,2yxhzQmofaLUTDJ5TEOFu8
guardianmusic,0KNBjK9wHF8vuhycmS1xwe
guardianmusic,69wGPAXBDHJgbLJZsDkFxO
guardianmusic,6l0Wyp6lI2nZPNKoeDp92U
guardianmusic,5OzIv8uCIdJeorBOcaHKpR
guardianmusic,3ofcdVev8gRADK2Y3ck67I
guardianmusic,0WQsHFdNQ7OsCIJP3bIrHU
guardianmusic,2mW8WmAUIz5odXAKMEGFUm
guardianmusic,5TRdMP70pEV4g7UJRoobtR
guardianmusic,7qBOMQO4vhfE9u8JRwMSB7
guardianmusic,68waRijjytaQLu6hiIDD4R
guardianmusic,6fo91miiS8CDUs4SThrQlN
guardianmusic,2dHchWGlN6P1c2sFpu1fL6
guardianmusic,4v3GlOa5MUGiDVkJsjhBmZ
guardianmusic,4XaUvVrkgX62ZXYOpchJcN
guardianmusic,6FX6hLdXaowcQQDzJv5soR
guardianmusic,4SxwGiffE0MbYq12HZz8TY
guardianmusic,2UGA9xbrM3VEwcuxKvwFtF
guardianmusic,2UC7UBatc9Qk2nlS0BuyTD
guardianmusic,68T3ARAItMNg844YQEunYB
guardianmusic,0iL6nxVBelo4RR4WxUlzOr
guardianmusic,3Vaki3EQ0OxVrb2Naw0vpi
guardianmusic,2t4Kn3J3girQsZjJyvlzUN
guardianmusic,47FvoUlBBqSF7lIWzi0AEd
guardianmusic,40YXyJyCpePqDXw51zJHeI
guardianmusic,08pkejTbhYVjmLXAjgWmFu
guardianmusic,5cKo49fTomyBOZjcVO7PRS
guardianmusic,73EwfoyrcO5M2BHlirDx3o
guardianmusic,09NwmxgnQ2WdOU8cvCrvTA
guardianmusic,3aYIXYmmJHSlKnzwLxuMh5
guardianmusic,64wom8dEujbkOdJ801Tgmg
guardianmusic,5wLMJ6aIVHzIIXyE5MMjTf
guardianmusic,0c9D88Gse7aNd7RSExOMI1
guardianmusic,56On346hbr1xZseQhj53f5
guardianmusic,2hJdYluMQm6vais1Rq2geu
guardianmusic,3oWCWbqLOVdD8uNlEKTAGX
guardianmusic,4iW2K05KjtnkxP4oNUSfRA
guardianmusic,0BbdU8iH3psL4W9SDsjOYT
guardianmusic,0muHqwpt1RXbDFmaHQbGlZ
guardianmusic,4PX2rTDMuULks5HoUVkmVs
guardianmusic,1NnQKdD7QOkxmMuh7VlIdZ
guardianmusic,09FwNeFdAGZqDzZg93hEge
guardianmusic,0yT7iQRcWIwevclEtV8lth
guardianmusic,3Z4bAfsjMFOqpdnOEW8dl7
guardianmusic,5Zy6MR8wMWe6JMZmcrjMTH
guardianmusic,2xAQRJwKngD2wJU9T42yks
guardianmusic,5MYK3xh9sdwnd0m3KwRUOZ
guardianmusic,1hhOgzaxG1R620akvUVVcZ
guardianmusic,4fcSssBIcy1KAxcGyF5TfR
guardianmusic,4sprONFTcOBVvv39No4omW
guardianmusic,4HgvHwf6AH8WDV8sbtgVwJ
guardianmusic,1Pl37IewQgktRh6UMXDWIC
guardianmusic,3SBpH4Ff6ieaJ5supL1M8d
guardianmusic,6DTgVDTiWE4ZQx4jEKva8H
guardianmusic,4ACIyvURRWXJzle2k7lub2
guardianmusic,6F2V9noQPAPCdAThpdALIh
guardianmusic,2C9ZdOpU7NOSCZBINI2WVe
guardianmusic,2uOpeDPewkUA0od8WUAlIl
guardianmusic,4voPwLMdOuGNTfR68UrUIn
guardianmusic,2q0UwUsp4lrn01D0hYXudl
guardianmusic,3QIDFY1OamMFHrnLyGUm04
guardianmusic,7M7lwdWIaX6n04oONOc3aw
guardianmusic,4yLdfzIv39ynNEJ95JSFAg
guardianmusic,0LvFr5SYRy1Yz08U9RUpUb
guardianmusic,66B1T9sKfR42iHrMKnRtG3
guardianmusic,6Y7D1xQWc9Dj80Z7BH4zP6
guardianmusic,0BsSzL9kSnp6MMaKi5k6X0
guardianmusic,6C8HJrZ7OhjgtWkIc9HiX7
guardianmusic,0CBQDEoPSBnnsg03LHqvap
guardianmusic,6b6gHNg9THcRO3AEBKL0Oo
guardianmusic,6c06agvzMgMhWeuPB5PA9L
guardianmusic,4dmI9daLbFDjXcpMGimTeV
guardianmusic,0JkywYzcP8ECYnsKtytqRr
guardianmusic,6LUDJqZhxc6C1AZoUi6CbA
guardianmusic,5COiW6QO1LfaIjmlHVU8cL
guardianmusic,4SoYFk1rqLDpulMj9mFSW6
guardianmusic,1zzoni9ocYpgg1zeHHcMrU
guardianmusic,636S0vnRyAZQTCErEyV9pD
guardianmusic,64WAz4gLuGXNCs48BIvvlf
guardianmusic,1bvUaGk6q5qBwGr1fDE9XK
guardianmusic,5nGN7kxyVws8kSQSTWhahV
guardianmusic,0hltobbhUtCxGNqgjNGhyi
guardianmusic,3kfyVLkkX8eMlTvZyVFa8L
guardianmusic,1pHQ40P1wVq8mOfrJAb0Pc
guardianmusic,1CGlFuPXl9wZ0hDJW3IwJi
guardianmusic,0vLoSPpFdIwiHjyAb82jxN
guardianmusic,6z9ynWzriTtr12QDNmFFcZ
guardianmusic,3QCddpVqq0BXjMgMvOY6fK
guardianmusic,5UyNSFMV1ogCwAKyM0AnFa
guardianmusic,2j7JueKaVkRFjOlyOKqoVn
guardianmusic,1h9E6luaWggAUsZHLqGXKR
guardianmusic,090cSwXVAUezkAd73JsnCu
guardianmusic,62mkui5QS0FMfxm7qBkPsq
guardianmusic,4nHey348DE0iIZiKheRnMc
guardianmusic,7hgHjtGziYlPJWyEERhhdr
guardianmusic,3LCD25rZeVm0CSee17fXDd
guardianmusic,1hyzRddbbNkuER9h8XCdKg
guardianmusic,1yihWwjflcXrUydShH5n1S
guardianmusic,2FUc9rxK4J3jwzumkGbIZm
guardianmusic,3m5PSONBeJNTHRsVG0QDwF
guardianmusic,5RXxDYn6vyt3570qZ1PAUk
guardianmusic,3j8oR6qm3VEMPKPzbOKlWG
guardianmusic,2elil5dos3czEX1ussapdc
guardianmusic,13aduwCriNrd6wYI6qqKRb
guardianmusic,1ksEEqPVtxlVVPPi7el5Al
guardianmusic,2FDPDRi5OvngmrAZk3N0HC
guardianmusic,6wP972BWaGHi1nbd4czdkp
guardianmusic,0rtSPNAtmRXlY8fotDNbOq
guardianmusic,6NDgSYljyDS4cFHy4FWgMM
guardianmusic,0npNyFpJBAosVZHT966SYB
guardianmusic,7435YXxiu98IlndUuSy1fw
guardianmusic,4UlBafgIa5hWLHHmkA197N
guardianmusic,3MDMiBz4vdj5DHF0VxAoSy
guardianmusic,0pHgGDMRCTs702xEcjkvEE
guardianmusic,1Tjo1oyCcpsLGcBnpEwkgR
guardianmusic,5OXLxlnKhFA30HUG61b9I9
guardianmusic,6oKjPM8m1OJhDKb446YtsB
guardianmusic,0mSFLTlJzI2jTo9mjaGe2l
guardianmusic,5whocfPFWHhrA26xlCFASt
guardianmusic,2Fu4bb5pctH8eirkiWhVxp
guardianmusic,7sMwUVYwf7YjqS4HcE6Hh7
guardianmusic,1LQdab43iJHbbjfroujZmZ
guardianmusic,3owwXtB8vBmf7LwYgMCINk
guardianmusic,34z6dYZz32bAwQFN3boZfQ
guardianmusic,2dB7LM8SoyMXDD1VY3Yw6i
guardianmusic,2POeFJh0PLhA2RTBgBPxOW
guardianmusic,1BqW4AhKVw2ONIoNcCbf4o
guardianmusic,7ifkA2PAtU08vGCpq9HhoB
guardianmusic,2yhCMjPIRwkowSAGaS0xZj
guardianmusic,006cAXpAardbitjF7JRv40
guardianmusic,7D8niG4IZPau6JkGDu4YeA
guardianmusic,0hT8sFfEpDOCiAgC0HixWc
guardianmusic,0kWtjHwyNB5QZ7OCDLIex7
guardianmusic,2yAWVZ1LdOy9mk0u33fB9R
guardianmusic,4DQd4cdmXACHUYqf489UOB
guardianmusic,2V12SqD7v98Rmb2ZToIiLQ
guardianmusic,0tUxgJGl8R45UCt9EH4xDL
guardianmusic,6qTIelayZ3NlNPMYddoVgM
guardianmusic,1qjPshaufMwK04R9PKxM7h
guardianmusic,2wc2A53luIh2xB4AUdWgQ1
guardianmusic,6YlSO4KnMIRnEHA3oyiyvP
guardianmusic,10dnlSfuKrUiBl6w3ypFn3
guardianmusic,31Z2j4UFDj1AWkzPHM4xCN
guardianmusic,7zF48MOyRRvhGeHNg96sjQ
guardianmusic,5ociLmsVqh4RRNOfNrUEQt
guardianmusic,2vpf1EOIRo3uqbcXyMepML
guardianmusic,1NRFYiWEVDdH06fQ0zWKuk
guardianmusic,4bxs5BC8miB5BNs9jSfNI1
guardianmusic,5YMWWLVmXX5abaZRUngTvK
guardianmusic,5IBtCo6UkCJ2LwHq6UsPjZ
guardianmusic,05tN2uDXDSWNZit7C4tRFb
guardianmusic,7x4yaX7SP2R8pmrTHB6MOz
guardianmusic,1Fr4AP5FzOqMKomsw5XVsM
guardianmusic,0qrxoieuUPcbK5RmHH3nUY
guardianmusic,3AR0lybjcXyeoJCVd1pON6
guardianmusic,55yk0WkArpDSrmqIi5aV6s
guardianmusic,6m1CrVJMpyaLQlkD7u1iiP
guardianmusic,4ACCGHqnaqIRAyfnB27cj9
guardianmusic,6GJFGPBINuxdNuuGpCGNkX
guardianmusic,0cTEd0HwvnGkMT6wRisslD
guardianmusic,1Shl7248mw19zHZMhyBgzU
guardianmusic,5XE0zCplcuJ5h1yR1RC5mf
guardianmusic,6Tkn7n4ROsuxM2TSuWre3n
guardianmusic,6LYs3hC5g9bxmGLXKcoAGK
guardianmusic,2lWmayTfiFg9rzYJbYz51m
guardianmusic,6fe46BzTKsC51x0q7buU43
guardianmusic,1sQkasaB0IMyuHyoCFhwem
guardianmusic,6sWdNpZPHPErT9emC3Re0L
guardianmusic,1m4hFuG2VUkdqJ9NYmMRlD
guardianmusic,7ar7wJOyCbSgvV0W5lVOqs
guardianmusic,1g3CsVK8QtCvOwi9xseAaL
guardianmusic,3wtFQY5GGR0QVlygSy5OlD
guardianmusic,1Q5l6Tpogy6oQAI19ha8Tf
guardianmusic,72dvSG6yavdQOYNK84qPPl
guardianmusic,2aCovQWI6ACFpKUXUHxwpS
guardianmusic,65dsQtkZBxjEudwu3Jj4wM
guardianmusic,4NZiVQrtIcGKVyby2z03g5
guardianmusic,4HM4CsReri3xsOlDelxfzK
guardianmusic,2hnMT3Tokmrc6JqvPxj8sm
guardianmusic,23K18icHfXMdXBHnfJuLQn
guardianmusic,6vK9g1ToqVVzXRaeiI5LrL
guardianmusic,4wKp3tbzz34AOFo3QbNNPb
guardianmusic,6g8xpwRHQTscmibBsfFWQ3
guardianmusic,5yBlWDVos9rEm8rSTDregW
guardianmusic,76oQKJEkAs2LEy6vPHvDxG
guardianmusic,300VNmLfkfsZEiCXDmmLHI
guardianmusic,0p1SdeEHikveUIVMcocxLI
guardianmusic,2hHCymXAn9MwixTkeEtapI
guardianmusic,0eAGRsZHN3c3Yc5rc5mPeV
guardianmusic,1wE5NXIo15hsHlJtn7NQMK
guardianmusic,3YQub74KqtsahgLKt2Cz0s
guardianmusic,18HYCjxpg5czULq1rRF6mR
guardianmusic,3aCUSAw1cwAAIxQIgj3JMN
guardianmusic,07uAFyY5UD6eXhZv0R82H1
guardianmusic,6ShpbkLGIHHmxcAYOF9TFp
guardianmusic,18AaUwvJ8s8QNZ06HvlLCo
guardianmusic,1J1GtyjCpfW0FIRBVuUnTO
guardianmusic,3YbJ82YxjBnOQnqECgypML
guardianmusic,5xoMJqyj9dAEtSMHgHj4p7
guardianmusic,0z2TTrhJIHVg7srMQKs5so
guardianmusic,4wSIH1EoYkgIPVeqmsbL6Z
guardianmusic,3ElWc00RXkDihzxDKzVLrJ
guardianmusic,7ivmEyiJzpCVqFUkUv5JWv
guardianmusic,3lZNwznuMtskX9mySYh2kj
guardianmusic,381zfsV68jhy0x7y6LS5zf
guardianmusic,04CFXA3gEfvsBnKh38d48K
guardianmusic,1I5HTYecX8JNPQ1WsmVgQD
guardianmusic,6tQsHKCnostDx7YAwYOJfC
guardianmusic,1iytNhRmfwZiyLTyeuRICs
guardianmusic,0fha53nA9qKiunkAFTlwvp
guardianmusic,2qFNEDfRtaNFSGhuVBAlRs
guardianmusic,159rSLjbaADIPZMJAA9m3w
guardianmusic,5TppcUExEu1nok5J9GfcWd
guardianmusic,1lVm0DfVXm9nmref54Derk
guardianmusic,5hBvgGaid0lAOKhTOy3oKe
guardianmusic,7sVa41j5VVa8JgBWSI6Gvb
guardianmusic,2bfPkrKxL1r7Dc9IWYIh6T
guardianmusic,5aVGKPYOcF4RLn2EFlUFcS
guardianmusic,7pXSrHrtkaIYmf6GfqI8hL
guardianmusic,2hcNiCQzD6JaBVe839gmbM
guardianmusic,7zwSYRpXU3pEbwQzpHaF82
guardianmusic,36QZcy1ZezVOp8tTU9I8Zf
guardianmusic,4hDezmIkfVSpjRnPl9xoZx
guardianmusic,69208mpz3Bul9JiMXiUQyI
guardianmusic,76vcJbT9Yi8RVofmBcogq8
guardianmusic,1u2FVSKw09ah4nr5oqKc7m
guardianmusic,5lQIB0IK0Jkm16M3a1JOyn
guardianmusic,0Z9fIRlCAY13PF7nC54cld
guardianmusic,318MZMIFyLIZNj2eAp0bT5
guardianmusic,7LqZQyJiTTj1m9zickS9Nx
guardianmusic,6tDUV1kMdzOzBPgn7x7OiE
guardianmusic,5WMbw2BYFiHSp8CFQp2fCl
guardianmusic,4RlT6xAW5MFFcEBus6Em61
guardianmusic,0cXIiWDYpEbGpWSBbv1Bnx
guardianmusic,6S330iVXYv1UPoUBOWHbUI
guardianmusic,5YbgAvU2LhisNb3ByRleyh
guardianmusic,0abV897RPJvDNcAtNGDFIe
guardianmusic,0Ucu2rOb2ONBVu2WqYz1Nz
guardianmusic,0RTSGmIuAMTmywvEcBS7OE
guardianmusic,6CcfZPSetssxEXiLgVJehR
guardianmusic,6UVIZVvc6RiGFV9KjjePI5
guardianmusic,5x0soXuuxMpFUCQWI2wigE
guardianmusic,46TfYc2HdoRPLlHwt0yyoY
guardianmusic,0ovnAkUxKpm2bzqEg5pKo0
guardianmusic,69TVr3qNaW8FiwaYAzpob9
guardianmusic,6gLIUbqiQ5sjANuwxeE1uG
guardianmusic,6pfuwNetc398px3qZ0ej6C
guardianmusic,52aXKi4YwWavMVMvpRZX3q
guardianmusic,3ApUyknmVjyORRZ1fKlVUb
guardianmusic,5P8PPRVRWzjKBzkQz0peUi
guardianmusic,51ffPDJpgAXC9AHZGQbC7W
guardianmusic,4vShyhTtwqSDuzJu389zmV
guardianmusic,1tfCxSROlnazF8qM3hk5Ne
guardianmusic,61w04OmWPppYOb19GPf6Bu
guardianmusic,331MHk8zXyXondHm7WVvhV
guardianmusic,7niwzPp2md3vf6fPeIS2xL
guardianmusic,13kPKdJwW4CUoXTdxQYC5E
guardianmusic,7f5sQCjKxEjKZllHazcNMW
guardianmusic,09VVFyt02AdK6YYeKXFdWS
guardianmusic,5J66raSKgfl7QVKcb5U5O9
guardianmusic,5Pwa4hPCHRer83EZIXBHiq
guardianmusic,5FDtiXbHFARW2f9YmD0oGm
guardianmusic,2i7ldQSzFmyXOQIuEIlr36
guardianmusic,1bSojvff81k57byEjSzKaH
guardianmusic,5uWrTOdXwm4ryzgilEASxg
guardianmusic,043ScC8Mm8bKCkiD6id3Ra
guardianmusic,0eKMipghvcxLnDhcdezahK
guardianmusic,2KWtFvNjPvKTwizvWgjeGg
guardianmusic,1uILJvV97iUk7XcB7B5KAL
guardianmusic,7xg3l5D9D3JorB3qNilZ80
guardianmusic,7lgL1QVm9LCMsKu2H1UFKU
guardianmusic,7i3NurW1f9EpyIvT5KEf9M
guardianmusic,3s2H2v9BwgKPgWaIPIGur2
guardianmusic,4uXgVCBxUH11MOr99wj7Vo
guardianmusic,7BIRgyMy8cMbko32f0MMI4
guardianmusic,6iFQbQ1zdpU13paLTAu33z
guardianmusic,5gUEKSaDjketxrfTjMqKq3
guardianmusic,5yN5FpRTTXrZkXVKSEKALq
guardianmusic,34g8Fohxp8199SXZiuv7Ss
guardianmusic,3wgwN5CqjyTXGrSaqpEMIi
guardianmusic,1FrOzjErIrr2FP9EjLIghk
guardianmusic,670ByVtuZXEo9CKIqtjPhR
guardianmusic,00lXay2hDczhstNhC7D1sl
guardianmusic,4zWpzf1MXf3nJSTNGxEbDc
guardianmusic,16m16Z9DD3836rAhC2il9o
guardianmusic,0fJtus4pzGek54cd4LuVXf
guardianmusic,4cV9HXdSIhxAb0SjBpUHWK
guardianmusic,1jhfyPT0H9Y8ybwXTbNPSf
guardianmusic,4kaMbYZ7qcEgKtn7juw7YY
guardianmusic,7i5asq7DMXK5FUIWglwV6V
guardianmusic,6Dz3M6LdtXENYxpd6kmcqY
guardianmusic,24hRx4Vhi2BaAxtztBXyX5
guardianmusic,5LtMKvqYRDz3A2XSEE9wLH
guardianmusic,5Fz9nrjXq12EFFb0DtqXY0
guardianmusic,6RnBK6e1WZEdwJDOQUqle0
guardianmusic,1ifAr5HjHfieeiz89sWptq
guardianmusic,4hRkZCxGsZRiRKQBc0Fyew
guardianmusic,1qUDW5xkuVUgzwJyhdd82y
guardianmusic,4RM0Ebqjz2izs5DYEKK6SI
guardianmusic,28fhIV0SrMa4el4NCzCRzx
guardianmusic,6KvAjezi1b4L6N3PbVn0DN
guardianmusic,2ftIAXotLjexQCWdmlXpKV
guardianmusic,2d0e8HDYEdHM3RH58tY4W6
guardianmusic,5FS93nuDLn0Rkyzk7z9eBN
guardianmusic,7dHkY1wcD2ou5uMltkWKDM
guardianmusic,4waCnrJwFcXVmeAA2DbCsz
guardianmusic,3t9Ahb8KJdg9XtEhjWDSyJ
guardianmusic,7opTnGGqcUqPALN93YM7XQ
guardianmusic,2WRlWz6NGBSKQrRvJm7V82
guardianmusic,4whsOMtqeIGKoPResTVnVs
guardianmusic,0QFFJ4ae1ltTeN91LUB1XS
guardianmusic,7Evd9xjJJ65IE3PwxYhO2X
guardianmusic,5cufxopuUriEPdZ6p60C4A
guardianmusic,6I2vbWHBlqPbOgkzfvhNDO
guardianmusic,1Xb6E3Okg29QecW0K5EAgr
guardianmusic,3SgJl7TB4DWv8wPlrfn6ky
guardianmusic,1s0VwOVpnE0VYwm3doAoUn
guardianmusic,3gUwqj4PG6wK2wxISFC5Cx
guardianmusic,0L5cI4HxR5HViY1mtbghsh
guardianmusic,24k5kTQ9Kf0Gw4ehjkjBwY
guardianmusic,7EVouE1WWI1LfDZjgiLoPD
guardianmusic,4Ybq2PD5saqzdt8ir1v5B5
guardianmusic,5xEHs89RTNfgtuLS6eHgEu
guardianmusic,3FdidWSIfWg2Nb29oZAlzf
guardianmusic,6jfwC7bM66B43rRSOoGdlf
guardianmusic,2nmRYRjy66coIAyAhCVlP2
guardianmusic,30AswsPc75mP201xbukLFz
guardianmusic,5QsjvrdB6aiINlD2q5ymgr
guardianmusic,1qMyb8hIWYmPKifIB2lWHk
guardianmusic,0b0T6hL4rIHmnYPfH9CiOh
guardianmusic,5uvfMRmWNoCHk8T5CtkOvY
guardianmusic,6OtDK76optgmtulj6IHUKa
guardianmusic,54KUWPzThHa8ktMrh5pTM6
guardianmusic,5le9CFjY2uYcdwxWOT0XsK
guardianmusic,3wIfHpDasJ9rEhUFdkaD0Y
guardianmusic,6Is3lVrxO0pSGUp4q6ouwd
guardianmusic,5jIsbBMxHEKBE3l6KCOll9
guardianmusic,0ScSnK9DtiCXxkAemUSy49
guardianmusic,0aYFEi4xy1PUORZi19zU97
guardianmusic,6HrnaF9MQUQnGeDYA2AeCl
guardianmusic,6L4VdC7uBZ7DRTye8NOvyA
guardianmusic,3wuUQG4EHVA1CcC9lsk7NC
guardianmusic,73LJAI2om98YBQAjVpV3UP
guardianmusic,1WqwfpFX6snX5q7QNR9kAL
guardianmusic,78I9ioHOEHlA8oOXtuxFo3
guardianmusic,0JbAye1oqPbmGcfSyl0kiq
guardianmusic,4zAvd47et9Ay5mWiQQ2x17
guardianmusic,42B8FsErHCW5nnsjs8BtUh
guardianmusic,47p1D1xGphp1CfIztn8TWZ
guardianmusic,1K1tNq68751rdf6TMCbZNA
guardianmusic,66lcfwNg0Yl9s92vN3Bm8D
guardianmusic,3q53fri0qHLItx12PgOBRG
guardianmusic,7oHY3dCBaRmCcPIJ8aczx2
guardianmusic,3MFpldoLI7l3Dkow5PN88k
guardianmusic,60jwVSzBthv9qBLKJJk29O
guardianmusic,0FVr0IR3luyL2gO7g6zoCz
guardianmusic,5sFdN985Q206aolhPxWG5V
guardianmusic,5JZYENZfTAFPg0wxs3GdLS
guardianmusic,2uqYoCXJq9XiRKnxUdI9FU
guardianmusic,0uloCCp2reQDkcEmR16scx
guardianmusic,44Fi2Apx0WqiEfIsXbN4Y4
guardianmusic,1RFyfC08nePJJfqF8BympH
guardianmusic,6pFfV8mAPiAiNa7uarqBEe
guardianmusic,3eYcQpUQy2NIKvhv2Ywt8F
guardianmusic,0kd7PHzYkRPx3RxHI1d1hX
guardianmusic,2llWU2opi261iPKZKJHsQX
guardianmusic,118JiaDEYUyJOlbZvnEIGr
guardianmusic,3ELSArNkb8bMYhlL8j815U
guardianmusic,6293w5BF98T8HJvs3M4Qa5
guardianmusic,28oL9AcaddANEAReO08hAs
guardianmusic,31ebmpG6uYuEtYKFt5CiaU
guardianmusic,5ZdC85ROsM20hPqWSCl9X1
guardianmusic,6pAAs6bzWThcubWThTlQu2
guardianmusic,6Nm73pjPwrzVHd1rcglxJX
guardianmusic,1hrc6AbndUJhRF6mC4NfYO
guardianmusic,6DjckoDJeLaqTcpJNFK0UB
guardianmusic,19dBHoTBJFKgPuFUBNNLKz
guardianmusic,0Ek2VMm3sQSTJPO7eNnj2E
guardianmusic,6tEfsIlCu1ZDI96hEx0BI2
guardianmusic,6OYVEmGguIXIL9MZT7Yrpe
guardianmusic,5yRHfFPwpfifrcJv46VJ9K
guardianmusic,2w3lMaol5vfBaLTN4EHS6t
guardianmusic,4h44xxvTHatGF57AqrLTCz
guardianmusic,0u6gu9xmohGdb2KpZo34NG
guardianmusic,5dy4zTeMcaXeQNUgyba7rk
guardianmusic,5JElAZmCqrL5FWqZyIzez8
guardianmusic,0puMxQPU2bakWOqjTZgIrx
guardianmusic,1VzYTdHejtp9g9ufR0TVFJ
guardianmusic,282fdaRe3XXN1JOexUklAF
guardianmusic,71aqDFxPG3nIbgoIaQ88tH
guardianmusic,35tyh1Bb8VsL4D0pjmfRsD
guardianmusic,4EH7h0UBky7unhaetP5J2G
guardianmusic,01PDEPv5ZCP5NO7NhB2qvf
guardianmusic,3blunI62LjQx1XiRtO8LXJ
guardianmusic,2JRRHM4t00u1k3Q7dSW9UY
guardianmusic,1AWBpY1tJl3cLVTwH3H5c7
guardianmusic,3ZX2gFchwJ0we78b8UGOi6
guardianmusic,4ISRDBK4vdLTR4XnCC9OZW
guardianmusic,0jjQtKvvhLgfFi8WEFPoiz
guardianmusic,2eVWqvE0KinxScwMSb5eQ7
guardianmusic,0j4RxWF6OZy60aRyk0hRc8
guardianmusic,1YivgFqkhtxYxkl8sVqMnR
guardianmusic,3ce6ZSmV2ySDCHo2iEjYvr
guardianmusic,3UmPeciZJtboUwy9QC9hbz
guardianmusic,0PMJgs9c3ngVLQupjlsGPD
guardianmusic,33h2tEtSbmOaskJk1Ffq3l
guardianmusic,4udcpt5y2iROr4JfQl8iMg
guardianmusic,6MLYJi2kuH9lijeqrmVg0n
guardianmusic,5QNwxFOnbE2hqYRnYPCyhS
guardianmusic,2EfzvnY2LwEnU4WERU73W4
guardianmusic,10wg69QPbiIgoG4k6DPZ6p
guardianmusic,0sfMUXI3wqiz0Wbv1lgm2J
guardianmusic,3Ikdvcp3DjNkdxiXIy0xP3
guardianmusic,2e3Y0SzBy15etLsB9qJQjm
guardianmusic,7faUz5naHxIhsy4r5wGQ4h
guardianmusic,0bey0Pxq1TZ8eBjrHErFfd
guardianmusic,7CqfOLbrdVm4dGtTEe8skk
guardianmusic,6JzHrXLZ9dCG6x5FN0eP3l
guardianmusic,3FY5q4q1HwBxSyH0yxk9Pt
guardianmusic,5497xG5sYY7zSij4V620BB
guardianmusic,18DwZ9Q1lXc609u7wvpGrs
guardianmusic,6jWz3lhv4pW1Znhws9Zirl
guardianmusic,5X4aKNiDvARakMRxJDlmNB
guardianmusic,5NkJHa5kvIvdexV8kiDMkK
guardianmusic,72idHL0BZEBG09ZyMV2V5h
guardianmusic,09t3KzswGbHS97DFSpDkcD
guardianmusic,03U3PGUDzoUPNLOJRF0D0C
guardianmusic,3ElArqairdVT2GIDzenrhd
guardianmusic,0SIjFsABSoC8Q1B9LGQKQv
guardianmusic,7CKsY2iiyTFH5YCBleGs4s
guardianmusic,5kTSAYLEfmmG46p3hoRHCQ
guardianmusic,5KC8E6DeonX2JZrT47nBEJ
guardianmusic,1V20evEO9LpwcK86fqET0V
guardianmusic,4Z0LLrVo7F3CkSAHpwIo56
guardianmusic,2MIdE9UMyxecIJ4tVDelTG
guardianmusic,59nnPd72LCwB8q16Hooir0
guardianmusic,0P84lE4C7zPUstxoW3Tkck
guardianmusic,1C1oYdfgbQ27jU7R4u7cui
guardianmusic,4M0alBjhZOEghqo17Z137E
guardianmusic,4A32yqFm7w6zbokuJTqx3n
guardianmusic,6yJmPBrKd8mRRrdT4rbxHk
guardianmusic,51ZLzt6AHEHCK5Y0yHd6CT
guardianmusic,2C8fzY5WIAcmy8qZBAXZ1t
guardianmusic,4iTDPUxvrv55u8CkvywwPy
guardianmusic,3usHRhUhqlGmE4mxlgUjz4
guardianmusic,0jN3fKgvve5ZYioWQQzLdW
guardianmusic,2M0ctfYdzocj5I1TO8igAZ
guardianmusic,1fJDgywW0lSwJsPPxWxE4b
guardianmusic,178EA06fA00kTd3Kwxyw2B
guardianmusic,5xO9jqbDO2oqYMF0yB2MTd
guardianmusic,3ezdGqxtifDc8eieA56aRl
guardianmusic,0o33UJuMRBAh8GJl7tppw4
guardianmusic,6eUSlXi2RtygX04xuskEtx
guardianmusic,2U2rh37pY0AXDrkS8ohjsy
guardianmusic,28plLoGWfmVQNj7Cgbesry
guardianmusic,30ZIr329zKKCRRKZZxbdDP
guardianmusic,677D8vQjDJmwbvem4l8suv
guardianmusic,6C7hqBECiXIOrjlOX61RdG
guardianmusic,0WKZfdZhGnXrBZgRxVbIHp
guardianmusic,76g8p3ZgSRkZhdxAh6yLyW
guardianmusic,6S2lMFwHLK2vJObrxcenuo
guardianmusic,31f6QeV9GhRiss69XfKN0E
guardianmusic,2O4alcUOdQGl8GaZvWkK01
guardianmusic,5U5slV5oDqG05Ueag4NzNy
guardianmusic,6Brcra9ThuN2hEgQ3ee2BH
guardianmusic,7BnxJOGeSdABRwPp8P1r77
guardianmusic,6LmoxJakb5z2uiOgObkKQP
guardianmusic,70XPupmCmCjeDs121gl6mg
guardianmusic,3xyeZf5P8ixoP4Q8uolbJg
guardianmusic,3Ak3r1z4OoD36tU2QVL4ar
guardianmusic,3yRHuREjwYYOZEkWKcTKF9
guardianmusic,35iND2mFs3416Y3ETUlvph
guardianmusic,32zdu6iUBNldKePuHOjaAJ
guardianmusic,2ZMqNQdvxXCCEjqsvfzHdI
guardianmusic,4NF5iGNuZ8BEkFJOQUgr0O
guardianmusic,5unvCqO540nUfDPmo12u6t
guardianmusic,5qLkfT1r9mMU2KhLqfMEk1
guardianmusic,6ofx2Tkzu0j46FV9GaibGE
guardianmusic,19ZUVvn6js5os60bI4Odyd
guardianmusic,0Kagc9oQgGf31SVONrbAty
guardianmusic,16ln6rN1m1Wuf17vEtDa6f
guardianmusic,4UhCmlu7b8oUtp1CuEqwDH
guardianmusic,5txJc8PokLWtDkwjdpB0i7
guardianmusic,1tVPJpUOlxURkRCwEbsMjt
guardianmusic,0Zl7QIr9GXAOLQh5ZiSJ2h
guardianmusic,0JMAbDjlXxqHu98XMYMrfP
guardianmusic,3j7KxY1OzGzEo0znWc5zYb
guardianmusic,11eA4bVYGRdfmujjX804Wv
guardianmusic,2PQgwALYP7rkfI4KiGjlQB
guardianmusic,2I5Do5x0oi0ZgtID8CdjVI
guardianmusic,1zj6wN6km4VECEiCB3L7PA
guardianmusic,50JdAN9misCQBpQcDJMT2w
guardianmusic,6zjIOTpgXVTSz78Sfvzc99
guardianmusic,0cLJxk6opELlIgApvqgIip
guardianmusic,4bIuSmXmpwjoNRJI9RUNAb
guardianmusic,6bUIofrj5PWNIeb67DbUqf
guardianmusic,1sNULKBP0MR5SCDhoTUGT1
guardianmusic,4tIypOcGSBi4GPlXbbNBmf
guardianmusic,0vME22bJC4TiboL30fZPVq
guardianmusic,26uqIdWqPakRB3c6Lw8I7C
guardianmusic,3vxotOnOGDlZXyzJPLFnm2
guardianmusic,3Rc7qAgZf9f0vskwzFBMHL
guardianmusic,4u4WSPyfvZ4RrpWWnmjIYY
guardianmusic,5w0pWlQf4g7eu0uc0YUilx
guardianmusic,4FRawCw2oxgB2nNGey46L4
guardianmusic,2fLYl1JUc8x6SliPE40JSc
guardianmusic,1Dm1AKguC0a8wCNKGTnU47
guardianmusic,5WQhhF8lIIK6liI3Hdgl1x
guardianmusic,6d7LctCdOfqLcrzB176bCI
guardianmusic,31vW6pDcqeQytffqYHdvTJ
guardianmusic,10C3lObWZgUuSnMsxeoO6w
guardianmusic,3Z5sXTM0xlxhIlT38vVtc9
guardianmusic,3n3WuTyEp3qlTzNKj8q9Dj
guardianmusic,6HxV0XtKftKekQcP3sC7mC
guardianmusic,7oTNtZ5jQR3K183ntHtGpB
guardianmusic,2fZe85o9eghPlMORdLkiAQ
guardianmusic,6POc7yuoZFPsbPUcQyOHm6
guardianmusic,3mpYGCNPqjN3ybPItqVg2w
guardianmusic,4akMcffHUtjpRrqlZz3cqc
guardianmusic,7eJKVIU727TVrmHjA6bzoH
guardianmusic,47rMjYlAROhgv88xR9UGCl
guardianmusic,4EvtiRS5hU6cFaxCA2WZKg
guardianmusic,7hpM9EC40sWxhJJGLzAwiI
guardianmusic,4jCW38ZAjDBpZx8lvWKCjZ
guardianmusic,5VyDohqhBFXpoHW8gtprPJ
guardianmusic,7KD72zXuOtKMlBZoTJDD7f
guardianmusic,7sAjpajPR6Wh9Tbf6fAGWc
guardianmusic,72zZIVJveWgowOdbBMRQRK
guardianmusic,5lsDhnSv8LwKGJJpKak63P
guardianmusic,5tNIU7VA5Aafq2Sq3mWI4t
guardianmusic,5q2q54C2NzYyIwWE4FhpYZ
guardianmusic,4q4yNNqdyK458DME0shn56
guardianmusic,6iBR3JsBNcz8G1mV0PWdNH
guardianmusic,54Xf2PV9yew5bDzAu5AHb9
guardianmusic,6Csqbq0NBdqhQmfAjenNRd
guardianmusic,0I5UQ3YANNOZXfwsh7Hfql
guardianmusic,2jd31fXkeJYJb5fjON5dp6
guardianmusic,3OE0N8a6kqnAy0yyGTaE2g
guardianmusic,5FoZQJGSl5q9m69lS1Mgsl
guardianmusic,1IXosQeAa8pWwg5XBXT8Kb
guardianmusic,04SFYHZrbCoxWEJOLQx0kv
guardianmusic,4N8Dg6HkqeQP81bWz2qbVU
guardianmusic,60bWu81rihgRYGsTRM5SjC
guardianmusic,3iTaO3CpWejygtM7C8n3S2
guardianmusic,25Msz37sJLI8eAs6SR2Oid
guardianmusic,1OnXL5N8jHt5B7QS2NvvCl
guardianmusic,0Qa4kVc4Ur0lHxTXhcvr0o
guardianmusic,7wSYlaEZJa6IVlDyMqlcSf
guardianmusic,3d94bQehRibDa0NMUqcdPh
guardianmusic,7hHBjEBbu5Ml7w4UOBOYAx
guardianmusic,2YAdFS5ZkEdYVtFgRyVzu3
guardianmusic,00o76OE5OkJb929Jaf75SQ
guardianmusic,5F2ZBXi9c2WuBMxaKNFdgc
guardianmusic,5LVst4a4F3uTea8LCop1r1
guardianmusic,61ZEmarNUEFZJYGYNBZoF9
guardianmusic,4cs8Jwo0roNIcfj0P1hl7h
guardianmusic,4jCtnZlCBY1G9bYsL6t04X
guardianmusic,0A20nr6wuyZwxZF1nlUdzB
guardianmusic,1IOiznGwF9hNbjFJg2acVx
guardianmusic,29fl1R6Qm7hFrTvBjLZzoB
guardianmusic,0DeihrwwdZiDSw9eyocd4y
guardianmusic,2FGKCowWESYYqvMgTRmc5y
guardianmusic,3aqye6JuvYlDDbKaolA4Ho
guardianmusic,7xqWSuKs0w2J4uH76vV9Qi
guardianmusic,0Mh6oxef5oIxBbCA1H1Xcb
guardianmusic,1nqvaEKlYihypEW3YlFgu2
guardianmusic,3kbPfdcRoOOa5EBcbMru0d
guardianmusic,5PfkVm3zK2GTPJDQHpA71F
guardianmusic,2665aZG7xs506ayjGD0qcP
guardianmusic,1HlPLKMKWRgBEw1copZqmz
guardianmusic,2MXtJPvpbQ6oxp3yjmufvP
guardianmusic,6VLm0IM7pKI0Pb86qm6cIB
guardianmusic,0k3Izglw8f7N7nZ1BR5VxI
guardianmusic,5EdW0An4c5aoSmKJhUzAc1
guardianmusic,7gI4NsJ84h7QkjlQGn7Q21
guardianmusic,5zNEaQWBtagmp1mwgDvXM0
guardianmusic,7xJDHgXRPV0hYJYjFu9rRl
guardianmusic,2KePeAu7vnaO7dmAtJjBIt
guardianmusic,1r60PowrSQHB3v5gDTXE4o
guardianmusic,2eWzZAJoWwMqD3CcXLKQ1l
guardianmusic,1GmZqDucYYNpLEp7XCgJdv
guardianmusic,5WAke2JXB2cbDVvzZkOPPv
guardianmusic,3pSeQzLzjgZoKTde6yOWJL
guardianmusic,20TFc1ha1ffNWXbm9E5maK
guardianmusic,3u9sUa61YfEwSCs16sEKh1
guardianmusic,7g1uv2IlFHTg1AzTsGGauV
guardianmusic,1MBkEcpobbPSh46iAYdlr3
guardianmusic,64gYDl6NufGITI0YCwHOGP
guardianmusic,2C7CrhRTakP4pUMG4YHmyn
guardianmusic,0Ov6OMIdlt3QUZr1c2VsCZ
guardianmusic,0gwuRH7yYtDpGKniltwHDt
guardianmusic,3sJV74Y1LhPlR7Dtld2pC5
guardianmusic,2jP1ZzU0fV5t0sqputDEqX
guardianmusic,11c0m1tTlsESq7Xl3BGZOe
guardianmusic,6rnPVrURmccA89sW05OmuI
guardianmusic,5mpcdXTUgVs3wJKtaVKViS
guardianmusic,096aBmdS9I1uWmWT87BFuo
guardianmusic,3pJHomAANj8H8Ay6Bkh6Yj
guardianmusic,1tyqtgkvMn8K7KncvrGfYU
guardianmusic,2wjfto32xuL8a83nl1W62M
guardianmusic,21XYBdijXqtJcuYlN9Zdth
guardianmusic,5zTqRKTp4Y3QKbFNkghu7v
guardianmusic,13ZNKTJUljZpznc77ierJy
guardianmusic,54IsSZULgrjhGTcUesG9fj
guardianmusic,1XhYu2JqaLPPDgQDu8xm5o
guardianmusic,2ypILtbkUubEJH9unR5f1K
guardianmusic,5glvkgs5PeIvBe5FR8KKQ8
guardianmusic,2HVmCswqybfWcHixJwtJf2
guardianmusic,1fb5NM1xnlHSG3xAlIVKTW
guardianmusic,7MrMHwcANkIK9x9fbzEu82
guardianmusic,251kkIs2W5FKzkK0GoxqRH
guardianmusic,2kIjqS4a8HhbAR7lCHUkTv
guardianmusic,0wjqDUd1H9Ry2ba8t0PAqb
guardianmusic,4AQWZGIzcCPKxF2capfBn8
guardianmusic,34G1lJPTTmqomcCBMjrnLO
guardianmusic,0SCZJNMSAu0aR4UNFvf2k3
guardianmusic,1ALOt4PkkB1tNW2EYGAlLL
guardianmusic,3vXTjx7F3YdV1Tc6SjN6Wy
guardianmusic,5pylbvo1FOT2eon9zTxQf2
guardianmusic,4oDcAtLMvPIkE0V00ANxjO
guardianmusic,6btx6aLFlHg2ZFRqGFvg0R
guardianmusic,1F4wPGR93Q2sGQWvZTj9bI
guardianmusic,7GXDLMKmVkHICjZc8YKgnz
guardianmusic,42DmjsQIr1USXh8oygjgUO
guardianmusic,1Rqbfkl5oVyF5TnnJyPbkx
guardianmusic,4KQDdglJ7HGcqNozbJTlM3
guardianmusic,6UeSakyzhiEt4NB3UAd6NQ
guardianmusic,6sjcAKwplYdvNVmXuVWqYK
guardianmusic,1jiWNIRgT9whCQZMGDzsZU
guardianmusic,3rPRWs4kGZ8hLd4HcBWspd
guardianmusic,443zP0Tl4skZ3qew6Z6mfN
guardianmusic,5BveBsb99J9NRX1ETVh80J
guardianmusic,0s3H2kzHeEy2WnDQjcyngj
guardianmusic,6rpKSRDPTN8sV98JG5qIwJ
guardianmusic,0lRNg3ZJOeCOaxyTddzD44
guardianmusic,10VWXhXQY1FpOQHs6qx0JU
guardianmusic,0tgdKU09VxW9re5U7YaL9l
guardianmusic,3Pnop0oaTWgbOEy9f7lW8i
guardianmusic,5Nk3Q2B05iuugpoiTTJxMA
guardianmusic,6RXYjCSRbYFBXE0aM46E2X
guardianmusic,6iAbmnLHskKAtyqiSj4lMy
guardianmusic,2OjZ8PGoRovLQAkf1qewoE
guardianmusic,1bLaJH8ow5LQGilolAjXc1
guardianmusic,2zFGLaoS1EcnjD9OYJD3bp
guardianmusic,14wSpCZ8u61pO7URxYeQ1V
guardianmusic,0UwLjwNTJ1gkB6srVh3tnM
guardianmusic,0mrwi4oI1yIIrQ8NgplO9h
guardianmusic,3OftPQDkGPKrlY6SRSh0mQ
guardianmusic,6CyVVDpO6mOFH4OYLrEGvO
guardianmusic,310LuenvBPYxwY0dyKIhfk
guardianmusic,6F4Qf1sXYNvgNf4G8mmiXC
guardianmusic,4nAqUzcq5f0bSS8jBydGJX
guardianmusic,0k7EqGdoLg8XUQtbLM6kf5
guardianmusic,60QRPjroEPudUlb6GzzYNe
guardianmusic,2syGeuPKFNXv8Z0uGOCfXn
guardianmusic,4NFiWnjoyFb83WWpiAY5wj
guardianmusic,3r6cJgDDlo6zgkfqJU9FVq
guardianmusic,7sF6XyjiKKbi9HIcCgzvgh
guardianmusic,0DUVbDIJTLA9ffI0TxIc6Z
guardianmusic,0DG6VQaJdPioDJPTqqRhYc
guardianmusic,35i05dxUnfnU0ulnimZh3V
guardianmusic,2keeH2VPDv2f6lvzxO96DY
guardianmusic,2KSCulKM1BMpC9AKSnxvBy
guardianmusic,4UHdRSCCMqZ9GgQxO99ZPm
guardianmusic,0DPexgrNMraXTYlOgEUVBE
guardianmusic,3kIeX4a8ZIUvo6AuxKFo3x
guardianmusic,5IRIu8Rf1hz8mCaPQQvUvP
guardianmusic,5hcFbHYG6aBk0cco6qrRS5
guardianmusic,6CXsGuniH1n4Pq8SUNURdw
guardianmusic,32G9lVX7uAVUK0fZw84qmg
guardianmusic,7pbA6jS4eqnA6xOObXFLzW
guardianmusic,12vrVmVml9JBuvnRMobSfk
guardianmusic,29PrMB0tVzN1zum26mnbpB
guardianmusic,7tnY0Jj2Y9oF3kA5IEhZAU
guardianmusic,0qfKAQjK6eCK29tF8tkDeK
guardianmusic,2ODDxvZQW08mh0jawBdFD2
guardianmusic,4ByPIt6X7GP61lbRyqj5CG
guardianmusic,6oCWo1HExmuQfywyS50fr6
guardianmusic,4ndnipIlvCTp1N9ArGNlwh
guardianmusic,6zHWYWWmqOymmIW2KfB3jg
guardianmusic,6RVUBRBmB1NU4XkGGg5cJt
guardianmusic,2V0XtfWmWSxJuMbvgN1s1N
guardianmusic,52U0fVcAyHTu5D89X1NUTz
guardianmusic,6ZE5VWPtKLEOpTu5hST4up
guardianmusic,1qKzvhKVFifMFHbSAXTy36
guardianmusic,5UjtqTKfbsDy9u0LEIWjGU
guardianmusic,7dgJJUSeeRSKx6ueDkOgPD
guardianmusic,3yWj1KRGq27OoIylHkUqOt
guardianmusic,5M8cL0XezbhbbKtldXlNVF
guardianmusic,2TJf9mIs3WQoV4zsQfM2SM
guardianmusic,3zxP0NPVUDYDCNDaj08VKW
guardianmusic,0ZjdiWkxzI9luvacmnaNry
guardianmusic,3KwoJOn56X6qLpK80n6XGU
guardianmusic,5aTOPojWu3Y7sITwxCKr6T
guardianmusic,5f9q8RVsPNXB5zukiREzfC
guardianmusic,6qHseTLsYBdLSgGO25cXtf
kexp,104JupfxKIWIWUo6xE6xhO
indiecurrent,0mqzKLjNU1MNv6X9jxDJ4J
indiecurrent,4f9KumCW8Sv8PBxdgzgkPb
indiecurrent,4GPiHSZ5Hh7zm3D6dE024H
indiecurrent,58ZDCjtaD1GUew9HvAp6cB
indiecurrent,0LhJ2mAUa4oWdw3DQIsPOG
indiecurrent,3CJ1lkSeA4VY4drL3H3wbR
indiecurrent,7eXtXWx12f9F433WuKygUy
indiecurrent,0mJxC3L5YXpJ4mDiCtuFIz
indiecurrent,0267wERMVhdR0vasH5Caog
indiecurrent,7kkzCAyTnk07vHf6PcPHCP
indiecurrent,3PyMCRlD9Zqqu4Dfy6NTiW
indiecurrent,2BfyaZB5s2mkPjfeeYlbtM
indiecurrent,59IZX02nt9vFSeeWnCcTD9
indiecurrent,4Ztx6YIumk54ubxxf03Xf1
indiecurrent,0hf4UNhAwkAylaK92FMoXk
indiecurrent,6gNAUGaPrshfr7IWYavSIl
indiecurrent,3tmVIv8OFOp3KKfNPzfvnb
indiecurrent,2ATTOrwzafYk0Wdp0tQ6cU
indiecurrent,5FTO4doLf3Jy3tqRyr6ut8
indiecurrent,6S61W6kAQ1pu1bGVd7qoIe
indiecurrent,1kV4bawZzB1DZQjML6SD7V
indiecurrent,5vowV1hASD84SZWcl6b3BQ
indiecurrent,68o2ZbH0o3ePlK1GEdIF7v
indiecurrent,35tUZyazShuVjL4NAVE2rb
indiecurrent,5qMuLAG1QmZsr4m3vE6NVu
indiecurrent,7ycYLBxDFbuAWZuGdjrhyq
indiecurrent,3hnMAtTCMq3wAvGkUOsBr0
indiecurrent,14eRN7jVC48mrvq6yXw6Qp
indiecurrent,0dQp7p7p7MxfrMf3WLtXjo
indiecurrent,2Zs3arnCAPHELW0I3oY2PU
indiecurrent,6dcKi56uACHEmCczCEhjZ1
indiecurrent,2SbAZVnNH2Vaq3QM1PQ6tA
indiecurrent,574wvXRTsaxD5sfyqiYvY9
indiecurrent,4mFtmytiy39kHOsthklZNR
indiecurrent,4YuKm3uTB0GuD7hUuE2lps
indiecurrent,2ORqLibRDMrm1Lfx6adp8a
indiecurrent,4CeG8Uqd2ncx0lCsxg8mtu
indiecurrent,3bqbacrFVgfkr3PMqjuS7E
indiecurrent,3uWaAXieRCmroj3bF0bClh
indiecurrent,4czkyFFVQyaEPA1tZ0r1ff
indiecurrent,5e8grTMcbW07HLtbhBfrN1
indiecurrent,6UDtbZYYRLyeg7Wr4WnDO5
indiecurrent,7c1l9MAcTqSPqWjRPfEIjG
indiecurrent,6XQKX1t7M1Ge6CimM5hwpv
indiecurrent,6Gljw5B45cQsZQ3VKvcSsq
indiecurrent,36nHPhSjy1NzJ0G1pELcV1
indiecurrent,43cBHJZOIIIwpmdOYuIeSA
chillnation,4Y1PTSNniU4z3vzfSstXWF
chillnation,7DuqYR8RP5JTmhFjq5zR3c
chillnation,4e1M7bkfIb9jw1MdqN9XIL
chillnation,7bct27gzmDNfeAXu0ZNDFK
chillnation,72tupGsO9gdOMqqQ6MWknq
chillnation,6RnyIK5ox81RNXziSUAwxP
chillnation,7yxbCsecNRR8wUi5OCrVMQ
chillnation,5EXmCzB6HbOxCRNMJ7ixMj
chillnation,3kqpPNHYa6yUBf2sYw5XiT
chillnation,6VE4icVLUa2dISvWqWpl9G
chillnation,3qYeucdGcDgYl9pyjM3kWY
chillnation,1fqCJFvqh9XY2SXkVQrGvt
chillnation,6fc77ZEnmiyE0w2oUeWwT9
chillnation,4t2kXu3sE5PGfP6n9HIEFn
chillnation,0ojVChVnQkfUXWlRsmuPXf
chillnation,5WRe7eSxbG5RsZKomH18ZN
chillnation,3bsqoAtbpHTqH6x0dRxF6t
chillnation,5MgkW9S8cE2jzeEubWFqzn
chillnation,4SBRrIAfQgejxvLCE5vALL
chillnation,7eAwrXE9025nRSwEDPGGDR
chillnation,61sWWRWmcT3xQcQWasyqhv
chillnation,3YHiiiOxOvxnVRIryScJbC
chillnation,4TOdzj3YoGb30esa7znbYO
chillnation,5az3PUqJXKpkBR3Pm9gAeJ
chillnation,5zrCq02W2Sza7dd0bhz7kd
chillnation,3JviqhwpgLgTN0NGnb1IcS
chillnation,1keJoM6ymrrvnwCJ299YX2
chillnation,3X609DvaT3i06upX6ZKBCn
chillnation,76Z9iOaZ5FPsXbylY38YPM
chillnation,4oiI3tCxywx6wnbL1uHEIK
chillnation,1k7NZYCznwx28QSWmhnMGA
chillnation,2mslMVrqrinXBzitB1KxjD
chillnation,0aPv2DzmYQK1Irqd6zXamA
chillnation,2Q7vDqC7Tc1tAF9D6jcJiy
chillnation,0QeCtSmZbs7ETfCotbjBgK
chillnation,3xwshe8VvAzS4wMHnq19mS
chillnation,51ArsrImxtdcWBn7LWAlGf
chillnation,4CI0hSP7m72SjJp6PrKk6p
chillnation,6qBdaIeF02CqSbplTWtgyW
chillnation,0AXvxfEuuOFKTLVRJLUnuN
chillnation,1ffff34gaFRAgOQJ7Uldbz
chillnation,1NVdYNTmWWuCj71vDJY2RX
chillnation,3zVupSKmMsmmoucVQEAUX7
chillnation,2yyGq10b64uW3rts6dE6hx
chillnation,4KqUbFjgNbgxKQDm1YdlXE
chillnation,5wUznu6UYJQBnCVMna7E4j
chillnation,3ozcVJ1zxKbw4bBPbOp7fD
chillnation,43G1bW8EBBBda15fE2l4Jd
chillnation,0Zp1M5Kdss0lzdK8DtyWbG
chillnation,3B6HEhdagFY506PD0dzXon
chillnation,3MIdvFHzCdGbLxMQf3uXzt
chillnation,23d9HpwMTyTcRyMVv2d0gd
chillnation,5yQi8wyYYyU6ZxRt7Cv2Xx
chillnation,2Zhz7O1PKm8c5Q1NEobl3M
chillnation,0m5lUMOidrmav7QHweZsNj
chillnation,05vmZgKPRabur2IYMbQ3lk
chillnation,4P3aR8AuiyzFxUEPr7JXgU
chillnation,1gC3xQIdB3SD9luVejR0II
chillnation,6ZVZhfE2D2OKCVsJ0BVBWk
chillnation,1f2jSSNo7PiczGKGHmVJvn
chillnation,4MRRbBCdDA8Fy5PpYX4PlK
chillnation,5LvXKQNFZX3rnbLnM6Kx3o
chillnation,12q6KvbqKfK5CK9uAGCG9O
chillnation,5DxnUapeyAoRrylkhmIwYM
chillnation,67T2cgYuZmBFvB0JnYbwCV
chillnation,7Cl7d4zklMSfPQNyq3V3dY
chillnation,17lhs3TkiKEKfycrNYvayL
chillnation,3olSVlmhcCacL1iQspEeIT
chillnation,56nUqCkVK8q2lLVzpoYMcF
chillnation,35r5rFjTzgHU1EpdzgyFSd
chillnation,0wNEcFNfOqaIwEzMshR8eA
chillnation,7rlCwXBPo431YiHj1xWLnP
chillnation,5LCafnNkEJxM4uVV2kfn4w
chillnation,2nt3t4BXKi7Hgtr71Z8GRZ
chillnation,4GiVxqh2lknU1aimm9lQpz
chillnation,4NIoLVS7pXUEfhWO1LoQQA
chillnation,6jBgZ52FK7QHjcTcXdHypB
chillnation,2YKSnfrUeEdS9Ps4wJBRlA
chillnation,3VJKmOm5peMj3gKKJ0w3qy
chillnation,4bgLiafC8REdOdUcuSDnxd
chillnation,0V77jlqEGns7uuTYio31Mo
chillnation,3sVpd25F69j5xwMrgPT5oD
chillnation,5WNUX6jisX0NRlVDTm6RDd
chillnation,0E3soH6bMqTICxYRtRhprl
chillnation,40ZfSFhDpvWRYQ2WaljV5B
chillnation,0mPGgSFmGfGXT9M84zMxXp
chillnation,5HFU7hl1XlsdEGp3F9c9vR
chillnation,2pqb06ksBXTNvEHtmKvxnw
chillnation,5yKpEkO6Aj4Us6qIYAUTZr
chillnation,4HxHhKHrbt3XiKKz007Ngs
chillnation,6WSKscZuvtGWXW0FMtIduo
chillnation,780HLlLvO8GGzTSo4GkH2F
chillnation,19lYjTpvoQcUyaU1rOg8yx
chillnation,2Fx1lR0XkWzzGoLZudk3rH
chillnation,79ZCgZ8x5TswxT0erow1TH
chillnation,4vl5GiTgVfHyUg7WSCqkFW
chillnation,72zFHMFEfMlTgqYFysJU0P
chillnation,7I2V7isKPzCxtjQ4tAt1U9
chillnation,3tiDdJzcM9gVJHRJcrjFLY
chillnation,210bgCzHmjanVAwVz9KCxm
soave,6qswdbjb1y7mpgjWf64qb2
soave,3w4utV4X95nAX5oRMj2dmS
soave,4fAn1PllbE9Tc9PY5odpST
soave,5mCIEnAf7O43tlXrJALl3C
soave,4c0voehVQ4ZVegl06IMnqV
soave,0tvz6r8LOTTDwX9uQEH6J0
soave,6fuP44sye18jX727c74jPS
soave,4MOXS0AoCRfmWQxCPGW6rL
soave,5QsvVYgNujDuTTGiGnbn3t
soave,4pOnY8oyKZYPQ4aHjr640W
soave,15uO00xtd3xbPrBOOTsxfG
soave,7LM3YKnFUbhihExJUSpdPd
soave,7EGw3zUPjOd9ND8KQ2alLz
soave,1DMEc9nt3j1YB9EHoaampW
soave,22aFl6anfhWXSKiJMZjJxQ
soave,001N3t5p8QGxu31v9LkbMy
digster.dk,3YJe3cIXVuL3Eh3b5QoEu1
digster.dk,6TJ7j5U9aqYDABHyUAMpDU
digster.dk,69ZygPSVE94hugoQIZXcJH
digster.dk,2fghr0LJNFowTbWWTVa6dI
digster.dk,5vjPjAUsOcqUNas90acSMg
digster.dk,31eNRyhpWV9ak2ShXHxHCF
digster.dk,26NqceOXsALoG0fbPR6mME
digster.dk,7KSoBvOZYaeFf5t0dIEdHi
digster.dk,3hQLur5BcxEt9aokJUXRjK
digster.dk,6AD0Ol0pYlFThzCWxaDvhN
digster.dk,5o1b6VWBW3EpR5vMolzQmi
digster.dk,5drbGsChyPDP5vGz93Dq9i
digster.dk,1BhKb3yEPnQSZd9g8vdRtw
digster.dk,57VwwzcJWMjtpeL0Rhh5FO
digster.dk,4qEm7ybpF4GGe7fHPjzFom
digster.dk,3VEWG8XKxyu9nYkE70BQMP
digster.dk,3SKxDPq7mZBeXKcFqUBzfQ
digster.dk,0wUZonvvPKQ2xJSAeJNWSp
digster.dk,7zK0bboDHrAomDHWn7cv7G
digster.dk,2cnUiS8TmU8moaWsEDnyTe
digster.dk,5riMrwh8sqy9pgxVYRkmFG
digster.dk,0sB14B65FDLffxpO8uyHTz
digster.dk,6x2KJmf5ZcaSTnu0UrXitg
digster.dk,2WGLdQvgaxnrRaW7lf381f
digster.dk,5eAAJ1RM5VF8tBJHd1r94G
digster.dk,6hiuV2XRcB9HwSZ5xt1ND9
digster.dk,0KNOAR1OJteE4ZP77tUsY2
digster.dk,6kpToA448ZdGVvWXzsCP6R
digster.dk,0TK4rp5q5hxjh5g10v1u8S
digster.dk,1FR1VsWKhbMHXZcJshf9OQ
digster.dk,1c35oDvbBwRfuCdUBotXaI
digster.dk,7xX4Q7rkwn7ST4Wd1EEOTm
digster.dk,7p9knKJ3N6Qu4Q7CpjlNny
digster.dk,0TfVOZULDZhf6oxUH3z4bg
digster.dk,5IxOnBaExkW7Ij6zbJtMqs
digster.dk,09vfQ5qswOfacEYEAQNA0C
digster.dk,7w5e6xDtNyq0Ig51HE6Wq5
digster.dk,2Ai0EvGRm4RbQpZrbIDJIv
digster.dk,1RTaT9SgEM2xY8101CgYMA
digster.dk,1HALwiAnFgJvnWknjMQStQ
digster.dk,6V6hcmlUKAvunBSzQfMyve
digster.dk,440HAKJMb6yZBRAC0yMgNz
digster.dk,6G4XlDhcIch5WfUgNgl84Y
digster.dk,5dmfftgKRGJqhyhQBXU88W
digster.dk,6HCaGOnC4FAyy6kkfeb36N
digster.dk,3BqncWrXXnof5M1EazUf8g
digster.dk,4qNPlLO0rSe0iG0HCs3UsL
digster.dk,4TYmXQGJVdT2sn3XpssmSf
digster.dk,6BdxDPcIzdXNrUMJ80fjox
digster.dk,77P8WsRGWX1sbbqJWFb2MX
digster.dk,0d6hSMW1a0AxqmASFgzuW9
digster.dk,4pjlF0jaN0Icq8H1zbvFOc
digster.dk,2ULzTfMMIH8UqpMW2W0Cz3
digster.dk,7bXJXkAEP33V6U9hR3yiXH
digster.dk,1HaHaFkdzQvE5WdqOsryi6
digster.dk,4SUi8GV4gsXufr06Q3uKp2
digster.dk,3MlFf9ZP1gTRkrioLOB1F1
digster.dk,56aufxjMHJvE5pQBqzQC5t
digster.dk,3W21jYOTMhgbjcx7UExFwb
digster.dk,51fD4IByHCcQzH6M0xSn5E
digster.dk,4WdgBC12seM1LK602ePRup
digster.dk,3PnpYD04VpVByYpCU5jjCY
digster.dk,5p1XomxbKgZUa40mxv9sry
digster.dk,6mZnrknTKVOGTVh0Wk4n7H
digster.dk,3kyxCl6sBtFem4SDWCECBW
digster.dk,1iYFVXlJ6GgKGxAy8oxkwt
digster.dk,61xoRyslPr7dAkXw1jjT7x
digster.dk,0cfJjSOkHnPHupCwaPN4Uu
digster.dk,2hos0WrwXqY9ErSUTCqfFo
digster.dk,37gmhCb5ThbIKbv6ZJLEgr
digster.dk,3WJjMmYaYzgnzgQG3JksQl
digster.dk,5rusjAAjp6lFLkrcdvE8GP
digster.dk,40aflDntVoWoujON9O08rC
digster.dk,1v47C3qSTFJjW4NQgKQKZp
digster.dk,1lgl3ExVatu1s7AEzSOg6l
digster.dk,6be43CLUjg4WGjygphKwpN
digster.dk,5kN7BAYYX7cnwQ0iCCiH8g
digster.dk,4vpkjOpWT7njKBE5qLPq7b
digster.dk,0KC7ABUPNL8itRyjCxUstz
digster.dk,2Sp9mUflD0P99eAxazQRDD
digster.dk,74iWp6VRcnMIiK5akA5lXG
digster.dk,0tOnxJCLQyE3ZqprB384JW
digster.dk,2f7VepTPuScV97w9aJkIv7
digster.dk,1MpYKScBXMXk831RSZ5OrU
digster.dk,79LOyE5eVFkIOLzkx32KNv
digster.dk,0BLIXrsRyAMVmRlqh9tl7b
digster.dk,2kEGxoT0mIKUDUMX1zzW83
digster.dk,7ECPDdAmvtsJJUODx6GUg9
digster.dk,1PwHGVDKUTr0JOPRqLlLkZ
digster.dk,3Tc8WXDaiWdneFVepZCE8t
digster.dk,76aLHQSCswyoTE18rlOMm8
digster.dk,7oMyiWUjV3zPUvF9J9i59k
digster.dk,0ycSqAsJgtamCBDNTB6QKt
digster.dk,0i8wa8i9mqo0NxSoAQs4Eh
digster.dk,0ggeJkLYyvXINsV1JaUeK0
digster.dk,5Zu4yhytiCGKGLbRV2HWzZ
digster.dk,0LcnxMMU62ZJb2VEedvTA7
digster.dk,5e0Kw14jKDYmFoh1iobqnC
digster.dk,1GKrR8lLqiqmD8l7OxZtFu
digster.dk,5QFzOj9EUmCobpuUdPfNks
digster.dk,0IEFwfUR00iJP5FcX20otr
digster.dk,6pyCebcY45TYUZNoFKx8F9
digster.dk,55n4DUlRJVFi72Uh3heYlr
digster.dk,6nAm9C1JmOk7jxe3dKvfsV
digster.dk,7Gq3jTNIGfZ2qrBQK0IxCN
digster.dk,6Rs0QKZgMXqKCNo2WsAZcK
digster.dk,4mBtELrag1ExiHOpKdskOD
digster.dk,7qKHyarzDP7fdPYMERSGVS
digster.dk,1pu9qR6zdm5hlQKe2EmwxA
digster.dk,1DeLYd5VRrh6IxKQKVScPs
digster.dk,566GXMEPzkNI4kkOKnwgTc
digster.dk,4bXVmZ4IFZM7MBMCw0602h
digster.dk,4enXRP9kqUuvsJmGX9qKL5
digster.dk,6GjAqqljUgsVKcRYrdkPmG
digster.dk,3TS7OTZhl8MC0iN3ZavdPS
digster.dk,5qJs3Wus6Y7P9WLlFdNWfd
digster.dk,5k3lOPYu2kQ1m4ADy7Thxl
digster.dk,3Wp8aVc0rOkvZI074i1ZVA
digster.dk,0NIPSFyz35UIqyFFakbE7F
digster.dk,3Hxx6Hcoi6O26TnKkOECwr
digster.dk,5Iu0IbAGWNpfFuAFYfTzZC
digster.dk,6w9yKY3CLJ7FRGCb2c7Xea
digster.dk,2eyHyXBAjFMdylMi6lWx2G
